vendor_id,n_invoices,chi2_stat,p_value,benford_flag,benford_flag_strict,mse_proportion,obs_d1,exp_d1,obs_d2,exp_d2,obs_d3,exp_d3,obs_d4,exp_d4,obs_d5,exp_d5,obs_d6,exp_d6,obs_d7,exp_d7,obs_d8,exp_d8,obs_d9,exp_d9
339e69d7-496d-46ec-8738-4d0d9ca0d7a2,4910,665.9212,0.0,True,True,0.00165966,1322,1478.06,415,864.61,471,613.45,483,475.83,550,388.78,509,328.71,408,284.74,416,251.16,336,224.67
e4206223-a6cf-4e61-af5a-1c48552f87bf,829,663.4101,0.0,True,True,0.01260529,97,249.55,279,145.98,270,103.57,123,80.34,42,65.64,10,55.5,5,48.08,2,42.41,1,37.93
e4cb23f0-6441-4a38-96db-372d40b6843c,378,257.8906,0.0,True,True,0.01080136,49,113.79,128,66.56,112,47.23,55,36.63,23,29.93,8,25.31,1,21.92,2,19.34,0,17.3
537352d8-d686-40ac-b9f2-3bb673f2c419,1034,191.4989,0.0,True,True,0.00231299,248,311.27,85,182.08,96,129.19,115,100.2,118,81.87,131,69.22,93,59.96,68,52.89,80,47.31
4376766b-8ffc-4c4a-a515-43bf30fe0f08,1186,186.3595,0.0,True,True,0.00283718,489,357.02,128,208.84,63,148.18,65,114.94,88,93.91,102,79.4,81,68.78,87,60.67,83,54.27
311caee9-2c5e-4e29-b936-0a6125efba78,249,181.5217,0.0,True,True,0.01104905,36,74.96,84,43.85,79,31.11,32,24.13,13,19.72,3,16.67,1,14.44,1,12.74,0,11.39
46a09848-e550-4790-bad4-ffb995564f7f,228,163.6361,0.0,True,True,0.01031405,34,68.63,69,40.15,73,28.49,37,22.1,10,18.05,5,15.26,0,13.22,0,11.66,0,10.43
0cd4f0e6-b8ff-45d9-bd18-72640d1138af,1166,127.9937,0.0,True,True,0.00139307,327,351.0,101,205.32,118,145.68,116,113.0,130,92.33,112,78.06,91,67.62,91,59.64,80,53.35
7c72cb8f-5a31-4ee0-a9ac-efc7da6ff996,485,118.2802,0.0,True,True,0.0030844,120,146.0,26,85.4,42,60.6,58,47.0,57,38.4,59,32.47,39,28.13,45,24.81,39,22.19
8074a3d6-8b50-4bde-b5a2-1fda71710fdd,124,102.279,0.0,True,True,0.01378586,13,37.33,47,21.84,38,15.49,16,12.02,7,9.82,3,8.3,0,7.19,0,6.34,0,5.67
f8adafaf-f9fd-438c-994a-6504f35e5e49,99,100.5095,0.0,True,True,0.01544883,11,29.8,29,17.43,40,12.37,12,9.59,4,7.84,2,6.63,0,5.74,1,5.06,0,4.53
16f22430-aca6-4800-a1e0-3f8cc1367007,88,94.343,0.0,True,True,0.01892894,12,26.49,46,15.5,19,10.99,7,8.53,0,6.97,3,5.89,0,5.1,0,4.5,1,4.03
d90c8954-691d-4754-b3d9-cb70dd0e9f2b,145,92.858,0.0,True,True,0.01008564,20,43.65,49,25.53,42,18.12,20,14.05,9,11.48,4,9.71,1,8.41,0,7.42,0,6.63
51b037a3-b045-4a6b-9715-4423204d6560,652,92.4161,0.0,True,True,0.00231617,128,196.27,146,114.81,108,81.46,102,63.19,69,51.63,44,43.65,25,37.81,17,33.35,13,29.83
110ad5e1-64da-4537-84b5-649006ad6d95,71,82.4709,0.0,True,True,0.02153871,4,21.37,35,12.5,18,8.87,11,6.88,1,5.62,1,4.75,1,4.12,0,3.63,0,3.25
d03f9b49-7fdf-418f-8069-f59bbcd196f2,574,79.9827,0.0,True,True,0.0015857,165,172.79,53,101.08,43,71.71,58,55.63,61,45.45,49,38.43,59,33.29,48,29.36,38,26.26
965975b1-def1-469b-9651-942275215a3a,97,76.1157,0.0,True,True,0.01256809,12,29.2,33,17.08,32,12.12,13,9.4,1,7.68,2,6.49,1,5.63,2,4.96,1,4.44
50956620-573a-4d02-8a41-24310731783f,80,73.2128,0.0,True,True,0.01405979,10,24.08,29,14.09,27,10.0,11,7.75,2,6.33,1,5.36,0,4.64,0,4.09,0,3.66
ecab63a6-2694-4df7-be95-8eed732637d7,116,70.2087,0.0,True,True,0.00927265,20,34.92,42,20.43,32,14.49,12,11.24,5,9.19,4,7.77,1,6.73,0,5.93,0,5.31
3db24af7-bc26-4ace-b80d-7e00b7b7b64d,646,69.4021,0.0,True,True,0.00167964,142,194.47,73,113.75,78,80.71,82,62.6,77,51.15,67,43.25,44,37.46,47,33.04,36,29.56
54ab82b7-8dc9-4ab4-a09c-b3afbd71b9a7,183,67.8311,0.0,True,True,0.00417001,69,55.09,13,32.22,7,22.86,14,17.73,5,14.49,22,12.25,19,10.61,13,9.36,21,8.37
a33e4dbf-44ca-4e40-93b9-b9bafeaa836c,239,67.1034,0.0,True,True,0.00382261,47,71.95,19,42.09,23,29.86,32,23.16,40,18.92,28,16.0,13,13.86,19,12.23,18,10.94
6806a578-ba1e-4d5e-a417-e6dde21d06da,74,66.3565,0.0,True,True,0.01580993,8,22.28,33,13.03,20,9.25,8,7.17,2,5.86,2,4.95,1,4.29,0,3.79,0,3.39
72ac333c-32f4-4301-be8b-6baf8ad9dc05,77,64.8973,0.0,True,True,0.01434201,9,23.18,32,13.56,22,9.62,9,7.46,2,6.1,2,5.15,0,4.47,0,3.94,1,3.52
04c545cf-7927-4783-9139-d7ad62ef37c2,50,63.8465,0.0,True,True,0.02494002,2,15.05,27,8.8,12,6.25,5,4.85,3,3.96,1,3.35,0,2.9,0,2.56,0,2.29
57472a20-8e35-4250-aaaf-6d129d02de35,76,63.2976,0.0,True,True,0.01525424,8,22.88,35,13.38,16,9.5,10,7.37,4,6.02,3,5.09,0,4.41,0,3.89,0,3.48
15be02e3-0b74-46ef-87ba-d2c7427e86cb,75,62.786,0.0,True,True,0.01536869,5,22.58,27,13.21,25,9.37,7,7.27,6,5.94,2,5.02,2,4.35,1,3.84,0,3.43
a3dcfbaa-97ff-4ee8-8106-c41210778eca,55,61.5616,0.0,True,True,0.02067106,5,16.56,29,9.69,9,6.87,9,5.33,2,4.35,0,3.68,1,3.19,0,2.81,0,2.52
4ee95817-a515-4ce8-8e6d-2f1cf891f162,305,60.9584,0.0,True,True,0.00411878,133,91.81,20,53.71,18,38.11,23,29.56,29,24.15,26,20.42,27,17.69,19,15.6,10,13.96
41b8bfa8-5d12-4997-b6b6-b2906e2549ad,62,57.9514,0.0,True,True,0.01737301,5,18.66,29,10.92,14,7.75,9,6.01,3,4.91,2,4.15,0,3.6,0,3.17,0,2.84
81325427-0838-4652-8add-f8bd44483f54,460,57.7731,0.0,True,True,0.00209301,92,138.47,94,81.0,86,57.47,66,44.58,43,36.42,24,30.8,33,26.68,12,23.53,10,21.05
d3a0dea7-e29a-4424-badb-deb25cc3316e,38,53.5089,0.0,True,True,0.02268675,1,11.44,12,6.69,15,4.75,9,3.68,0,3.01,0,2.54,0,2.2,1,1.94,0,1.74
0e24837e-3bd4-4037-a729-bb797050fa38,59,52.7313,0.0,True,True,0.01509417,5,17.76,20,10.39,21,7.37,7,5.72,2,4.67,3,3.95,1,3.42,0,3.02,0,2.7
0c6c32c1-865a-4d4f-adee-b1b0dd19caf0,294,52.5571,0.0,True,True,0.00248,59,88.5,34,51.77,40,36.73,33,28.49,39,23.28,39,19.68,14,17.05,24,15.04,12,13.45
5cd4a0ce-2dc6-474e-9405-51f04508494a,65,49.3747,0.0,True,True,0.01420111,6,19.57,28,11.45,12,8.12,12,6.3,2,5.15,3,4.35,1,3.77,0,3.32,1,2.97
9002c83f-c943-438b-b57c-9f49537deaa6,45,48.0722,0.0,True,True,0.01580405,7,13.55,17,7.92,17,5.62,2,4.36,1,3.56,0,3.01,1,2.61,0,2.3,0,2.06
db055ba2-e19b-4c6e-afd2-e92105afcc15,51,46.499,0.0,True,True,0.01644273,6,15.35,25,8.98,8,6.37,8,4.94,3,4.04,0,3.41,1,2.96,0,2.61,0,2.33
9f4a379c-2935-441d-b981-92d04fe1682e,70,45.9535,0.0,True,True,0.01029318,10,21.07,27,12.33,12,8.75,14,6.78,6,5.54,1,4.69,0,4.06,0,3.58,0,3.2
a9f9cee8-5837-4d9f-a81f-8fdf8a619baa,71,44.918,0.0,True,True,0.00893032,9,21.37,4,12.5,7,8.87,17,6.88,6,5.62,12,4.75,7,4.12,7,3.63,2,3.25
96575c65-e03b-4712-8904-bbb9031ec2cb,388,43.8915,1e-06,True,True,0.00211073,73,116.8,54,68.32,52,48.48,56,37.6,44,30.72,31,25.98,35,22.5,20,19.85,23,17.75
97032a2d-7f2e-4e2e-829a-e7996da07738,256,43.8153,1e-06,True,True,0.00231554,57,77.06,31,45.08,17,31.98,41,24.81,31,20.27,23,17.14,25,14.85,18,13.1,13,11.71
8137e350-ccbb-4d09-9fc8-5c01dc411450,43,43.6539,1e-06,True,True,0.0172923,3,12.94,16,7.57,15,5.37,6,4.17,2,3.4,0,2.88,0,2.49,1,2.2,0,1.97
29af9273-66a1-401b-90b5-d6a7e70d4c26,260,42.0255,1e-06,True,True,0.00342351,40,78.27,42,45.78,51,32.48,38,25.2,19,20.59,26,17.41,17,15.08,17,13.3,10,11.9
6e62e410-a97d-4323-ab50-182451629d10,422,41.7618,2e-06,True,True,0.00156123,160,127.03,101,74.31,53,52.72,30,40.9,17,33.41,18,28.25,12,24.47,15,21.59,16,19.31
6d807506-719b-4f65-8298-ea2fb366c105,93,41.6227,2e-06,True,True,0.00484359,19,28.0,7,16.38,7,11.62,6,9.01,12,7.36,16,6.23,10,5.39,11,4.76,5,4.26
1366df42-2b24-430b-bbef-450cd96ffd8c,42,41.6142,2e-06,True,True,0.01800047,5,12.64,21,7.4,10,5.25,2,4.07,2,3.33,1,2.81,1,2.44,0,2.15,0,1.92
ce21b7fb-50c4-472c-b447-9d539389ce79,48,41.5508,2e-06,True,True,0.01476766,7,14.45,23,8.45,8,6.0,7,4.65,3,3.8,0,3.21,0,2.78,0,2.46,0,2.2
72d0f875-ae4e-4b7a-8dc1-17434c318867,49,41.3348,2e-06,True,True,0.01342801,5,14.75,17,8.63,15,6.12,9,4.75,2,3.88,1,3.28,0,2.84,0,2.51,0,2.24
8cd7b4a4-155c-4cb9-bf06-bf0aa225e741,273,41.0046,2e-06,True,True,0.00164996,72,82.18,28,48.07,29,34.11,24,26.46,39,21.62,27,18.28,29,15.83,16,13.96,9,12.49
856a1e5d-b1cf-4c15-aafc-38cd872a05ca,204,40.9391,2e-06,True,True,0.00217707,57,61.41,15,35.92,25,25.49,31,19.77,10,16.15,19,13.66,14,11.83,11,10.44,22,9.33
ec9fd5b9-e964-4122-ad65-bd65694871b8,46,40.8217,2e-06,True,True,0.0150793,6,13.85,21,8.1,11,5.75,6,4.46,1,3.64,0,3.08,1,2.67,0,2.35,0,2.1
df530915-ba98-4f5e-aaf3-a68f66e5512f,39,40.4973,3e-06,True,True,0.01426211,8,11.74,15,6.87,14,4.87,2,3.78,0,3.09,0,2.61,0,2.26,0,1.99,0,1.78
92b2eaa9-5664-4c69-8bf1-9ed785151695,313,39.7114,4e-06,True,True,0.00191483,68,94.22,37,55.12,55,39.11,43,30.33,27,24.78,32,20.95,12,18.15,15,16.01,24,14.32
fe7ff517-c1af-46b2-ab58-b46baaf6eab7,134,39.5222,4e-06,True,True,0.00404039,25,40.34,10,23.6,12,16.74,18,12.99,15,10.61,18,8.97,15,7.77,11,6.85,10,6.13
d45ebd24-012a-4eeb-bcc3-fad1701df4b0,54,39.0423,5e-06,True,True,0.00668991,10,16.26,4,9.51,6,6.75,2,5.23,5,4.28,5,3.62,12,3.13,4,2.76,6,2.47
1212ea7a-96a3-42e9-94f8-5bc7828dd53b,152,38.9105,5e-06,True,True,0.005288,17,45.76,24,26.77,27,18.99,25,14.73,19,12.04,11,10.18,12,8.81,13,7.78,4,6.96
87d25539-03bb-4461-bbfa-9ca18a87bfe0,86,38.1511,7e-06,True,True,0.00645364,12,25.89,6,15.14,12,10.74,12,8.33,17,6.81,8,5.76,4,4.99,6,4.4,9,3.94
d2f45668-9d6a-483a-9cda-8eccf1938edd,166,37.947,8e-06,True,True,0.00286304,63,49.97,16,29.23,10,20.74,8,16.09,10,13.14,20,11.11,17,9.63,8,8.49,14,7.6
93e3215b-1e6e-4734-84a0-2bceec38d281,154,37.6124,9e-06,True,True,0.00335061,28,46.36,17,27.12,17,19.24,20,14.92,21,12.19,21,10.31,12,8.93,5,7.88,13,7.05
d813d31e-e999-4470-bb06-44f1193fa44b,461,37.6116,9e-06,True,True,0.00132372,178,138.77,95,81.18,63,57.6,33,44.68,23,36.5,14,30.86,14,26.73,21,23.58,20,21.09
0bc00ca1-a783-4a5d-8a17-0eb04dbd2fd1,41,37.2498,1e-05,True,True,0.01482153,8,12.34,20,7.22,9,5.12,1,3.97,2,3.25,1,2.74,0,2.38,0,2.1,0,1.88
e5ebd8e2-7717-4462-9ddd-e8a9a55e81c4,139,36.1638,1.6e-05,True,True,0.00378107,24,41.84,12,24.48,18,17.37,17,13.47,13,11.01,18,9.31,12,8.06,15,7.11,10,6.36
591c432c-5140-4b7a-ae42-01a94416854c,262,36.0181,1.7e-05,True,True,0.00197326,54,78.87,38,46.14,27,32.73,37,25.39,32,20.75,31,17.54,22,15.19,10,13.4,11,11.99
bf88976a-d4be-4e30-89a5-2db97dbbcfd3,68,34.8426,2.9e-05,True,True,0.00775269,11,20.47,22,11.97,18,8.5,8,6.59,6,5.38,3,4.55,0,3.94,0,3.48,0,3.11
34714ef7-fc0b-4c6e-921d-c1fa74d4ef16,239,34.7054,3e-05,True,True,0.00177862,61,71.95,20,42.09,27,29.86,29,23.16,18,18.92,27,16.0,20,13.86,17,12.23,20,10.94
77869fed-d669-4316-8602-ad3eaaccda46,46,34.6261,3.1e-05,True,True,0.01268637,6,13.85,19,8.1,12,5.75,5,4.46,3,3.64,1,3.08,0,2.67,0,2.35,0,2.1
ad5602b1-21bf-4135-a736-8a2c414327d9,126,34.4896,3.3e-05,True,True,0.0037194,22,37.93,30,22.19,14,15.74,19,12.21,11,9.98,20,8.44,5,7.31,2,6.45,3,5.77
2c85193d-cefa-4c62-a3e7-366d6e26e695,346,34.3889,3.5e-05,True,True,0.00173896,70,104.16,57,60.93,57,43.23,50,33.53,37,27.4,32,23.16,20,20.07,14,17.7,9,15.83
7754010e-702b-4984-aeeb-c2250ca088b7,46,34.346,3.5e-05,True,True,0.01234643,6,13.85,19,8.1,10,5.75,8,4.46,2,3.64,1,3.08,0,2.67,0,2.35,0,2.1
0879de42-16e8-4ea2-b324-a7a2c788c585,145,34.0981,3.9e-05,True,True,0.00379546,24,43.65,19,25.53,25,18.12,22,14.05,24,11.48,12,9.71,10,8.41,4,7.42,5,6.63
a0bd09ee-9dc9-49fe-b3b8-2e4de0dc7ccc,150,33.7771,4.5e-05,True,True,0.00187985,44,45.15,19,26.41,11,18.74,7,14.54,17,11.88,17,10.04,16,8.7,4,7.67,15,6.86
d68ea18b-d6d9-4893-a61e-0f1ea8aebd05,198,33.7347,4.5e-05,True,True,0.00380716,92,59.6,28,34.87,13,24.74,17,19.19,10,15.68,12,13.26,6,11.48,15,10.13,5,9.06
b090b323-da2a-4a6c-9c43-ce721320fbea,314,33.307,5.4e-05,True,True,0.0017319,119,94.52,48,55.29,14,39.23,18,30.43,30,24.86,27,21.02,22,18.21,18,16.06,18,14.37
5b4a3c5c-3c90-4329-9a26-51efac00b43f,43,33.2059,5.7e-05,True,True,0.01039208,7,12.94,14,7.57,12,5.37,9,4.17,1,3.4,0,2.88,0,2.49,0,2.2,0,1.97
8027ecfd-81da-4bbb-93c9-1096a1380fdc,271,32.4344,7.8e-05,True,True,0.00143452,86,81.58,25,47.72,21,33.86,26,26.26,27,21.46,19,18.14,26,15.72,22,13.86,19,12.4
58fa0fad-67a4-4eea-8b8e-370660f6d066,45,32.4304,7.8e-05,True,True,0.00854698,6,13.55,6,7.92,10,5.62,8,4.36,1,3.56,10,3.01,1,2.61,3,2.3,0,2.06
05faa526-1d11-4313-abb7-1f4577140582,59,32.2263,8.5e-05,True,True,0.00544787,13,17.76,3,10.39,5,7.37,4,5.72,5,4.67,9,3.95,10,3.42,7,3.02,3,2.7
bc224209-7097-4e99-869e-ea70019d9746,45,31.7119,0.000105,True,True,0.0110243,7,13.55,18,7.92,11,5.62,4,4.36,5,3.56,0,3.01,0,2.61,0,2.3,0,2.06
3dd9c95c-cbe7-473e-939b-42682813a5f6,78,31.5494,0.000112,True,True,0.00583286,12,23.48,10,13.74,12,9.75,19,7.56,10,6.18,1,5.22,6,4.52,3,3.99,5,3.57
47459395-47f5-426b-94cf-218b079bd858,77,31.3775,0.00012,True,True,0.00768856,10,23.18,27,13.56,8,9.62,11,7.46,10,6.1,7,5.15,1,4.47,2,3.94,1,3.52
cf743120-6c13-4fb8-88bb-c633853b5311,88,31.3502,0.000122,True,True,0.00399052,20,26.49,5,15.5,9,10.99,8,8.53,8,6.97,14,5.89,12,5.1,7,4.5,5,4.03
b8089494-933a-47e2-a1cb-034f0ae32493,145,31.2052,0.000129,True,True,0.00339888,59,43.65,16,25.53,4,18.12,8,14.05,18,11.48,11,9.71,12,8.41,12,7.42,5,6.63
2f684553-937e-4a72-882b-7caaef8c964c,640,31.1615,0.000132,True,True,0.00066207,209,192.66,148,112.7,88,79.96,50,62.02,28,50.68,34,42.85,29,37.11,25,32.74,29,29.28
ac317298-0e29-4117-bd9e-2bde6c210b85,40,31.086,0.000136,True,True,0.00809773,9,12.04,1,7.04,2,5.0,4,3.88,9,3.17,3,2.68,7,2.32,1,2.05,4,1.83
f2790a9c-b902-4a64-8409-f5001ceec3e8,94,31.0069,0.00014,True,True,0.00357627,21,28.3,7,16.55,7,11.74,10,9.11,7,7.44,13,6.29,11,5.45,10,4.81,8,4.3
0b619064-3a07-4003-bad7-812dce37d862,190,30.1939,0.000195,True,True,0.00279623,34,57.2,38,33.46,34,23.74,31,18.41,21,15.04,13,12.72,5,11.02,6,9.72,8,8.69
487c4892-796d-40aa-81fe-c78fffdb6093,212,29.2279,0.000289,True,True,0.00179455,56,63.82,20,37.33,17,26.49,33,20.54,19,16.79,22,14.19,18,12.29,14,10.84,13,9.7
f9c69828-bf6c-436e-bd90-f7f5216729a1,20,28.3267,0.000416,True,True,0.01126234,3,6.02,2,3.52,1,2.5,1,1.94,4,1.58,0,1.34,2,1.16,2,1.02,5,0.92
42b4aec5-a5f7-47fc-8ba5-7eeae8791d76,140,28.2015,0.000437,True,True,0.00194432,36,42.14,16,24.65,10,17.49,11,13.57,18,11.09,10,9.37,14,8.12,16,7.16,9,6.41
d66020f9-96ec-44ab-bb9b-31ae1a6fa5e9,29,28.0406,0.000467,True,True,0.01526296,5,8.73,14,5.11,5,3.62,5,2.81,0,2.3,0,1.94,0,1.68,0,1.48,0,1.33
d2df87cf-31c2-41a2-8731-28e24306f583,51,27.8467,0.000504,True,True,0.0077337,9,15.35,16,8.98,14,6.37,7,4.94,4,4.04,0,3.41,0,2.96,0,2.61,1,2.33
266e63e6-be87-43c5-b41a-d8d2874d63d2,123,27.6117,0.000554,True,True,0.00238922,30,37.03,15,21.66,10,15.37,22,11.92,5,9.74,14,8.23,11,7.13,5,6.29,11,5.63
f11ecd33-1136-4514-93da-437d9f21c18b,214,27.5994,0.000557,True,True,0.00214977,41,64.42,31,37.68,30,26.74,28,20.74,28,16.94,24,14.33,15,12.41,9,10.95,8,9.79
d23fe206-5836-4695-82a6-3db0315690de,41,27.4978,0.00058,True,True,0.00768024,6,12.34,7,7.22,6,5.12,2,3.97,11,3.25,1,2.74,5,2.38,1,2.1,2,1.88
e610b417-4861-428b-b3d4-ec94a5a0acd7,116,27.3279,0.00062,True,True,0.00352794,20,34.92,25,20.43,15,14.49,18,11.24,20,9.19,6,7.77,3,6.73,4,5.93,5,5.31
6af1732f-7ff0-439f-b419-c3129bb69ebd,174,27.2309,0.000645,True,True,0.00201116,68,52.38,24,30.64,16,21.74,9,16.86,5,13.78,11,11.65,11,10.09,16,8.9,14,7.96
9f98d02e-c0c0-45d2-a966-da52d9c5824e,107,27.0262,0.0007,True,True,0.0049589,14,32.21,26,18.84,8,13.37,18,10.37,10,8.47,11,7.16,11,6.21,5,5.47,4,4.9
9e8ef308-1a9b-4131-afc1-57aafe4a7220,51,26.9225,0.000729,True,True,0.00784415,6,15.35,4,8.98,7,6.37,8,4.94,11,4.04,6,3.41,4,2.96,1,2.61,4,2.33
2602487c-93f3-477e-bbc4-39665da929df,277,26.9025,0.000735,True,True,0.00146355,106,83.39,38,48.78,31,34.61,12,26.84,19,21.93,12,18.54,19,16.06,22,14.17,18,12.67
bbfb9847-fbe5-4181-bd4f-e953f47fc13e,86,26.8253,0.000758,True,True,0.0037232,24,25.89,2,15.14,9,10.74,10,8.33,10,6.81,6,5.76,9,4.99,6,4.4,10,3.94
217a9c77-5e81-4147-8f06-b3039ac9733b,75,26.5029,0.000861,True,True,0.00351294,23,22.58,8,13.21,3,9.37,13,7.27,10,5.94,12,5.02,3,4.35,1,3.84,2,3.43
593c78b9-527e-46c3-b420-ba5afa5c35c9,72,26.4164,0.000891,True,True,0.00502764,13,21.67,5,12.68,5,9.0,13,6.98,9,5.7,9,4.82,5,4.18,6,3.68,7,3.29
fd43449c-754a-410e-ba05-180414a9ca96,111,26.3954,0.000899,True,True,0.00249481,32,33.41,9,19.55,9,13.87,6,10.76,15,8.79,10,7.43,14,6.44,9,5.68,7,5.08
b56df0e4-0496-495e-b11a-ba46fd1047d7,63,26.2716,0.000944,True,True,0.00457911,14,18.96,4,11.09,4,7.87,4,6.11,10,4.99,7,4.22,8,3.65,6,3.22,6,2.88
955ed913-b794-48ba-9519-6962872b27c6,184,25.8844,0.001099,True,True,0.00165963,47,55.39,16,32.4,23,22.99,23,17.83,15,14.57,17,12.32,10,10.67,18,9.41,15,8.42
8cac104e-b82c-4b5b-96e1-a9558a727cc0,38,25.8345,0.001121,True,True,0.00939284,6,11.44,12,6.69,10,4.75,8,3.68,1,3.01,1,2.54,0,2.2,0,1.94,0,1.74
c0e0475e-a43b-4b0e-8582-04e825856ee5,85,25.7673,0.001151,True,True,0.00350067,19,25.59,10,14.97,14,10.62,17,8.24,14,6.73,4,5.69,4,4.93,1,4.35,2,3.89
a63e001f-0d9b-4a3c-bd44-2689bcdd87e9,101,25.7468,0.00116,True,True,0.0052708,49,30.4,11,17.79,6,12.62,10,9.79,4,8.0,4,6.76,5,5.86,3,5.17,9,4.62
f7b9369b-5dc7-426f-9682-112127998850,147,25.7233,0.001171,True,True,0.00235727,30,44.25,23,25.89,21,18.37,24,14.25,22,11.64,12,9.84,4,8.52,4,7.52,7,6.73
64591f69-f078-4a80-af9f-ae67f747f486,48,25.7054,0.001179,True,True,0.00578896,11,14.45,4,8.45,1,6.0,5,4.65,11,3.8,5,3.21,3,2.78,3,2.46,5,2.2
971d626a-3922-4615-9f0f-a95267a09f1c,61,25.5656,0.001246,True,True,0.00591812,25,18.36,1,10.74,6,7.62,5,5.91,3,4.83,11,4.08,2,3.54,4,3.12,4,2.79
a74a211c-32df-417d-bd9d-0fe4ad9a72f8,115,25.424,0.001317,True,True,0.0035385,20,34.62,15,20.25,22,14.37,19,11.14,12,9.11,14,7.7,6,6.67,5,5.88,2,5.26
043fdb45-30f2-41a8-97e0-03483f053847,88,25.1252,0.00148,True,True,0.00455292,14,26.49,11,15.5,14,10.99,18,8.53,13,6.97,5,5.89,6,5.1,5,4.5,2,4.03
35ff32b6-7533-4671-8461-070e7b8fbe28,67,24.9545,0.001582,True,True,0.00528087,10,20.17,6,11.8,9,8.37,9,6.49,9,5.31,11,4.49,3,3.89,7,3.43,3,3.07
93917f4b-902c-413b-b4b2-fe0145465df9,60,24.627,0.001798,True,True,0.00455569,15,18.06,3,10.57,5,7.5,6,5.81,11,4.75,9,4.02,2,3.48,6,3.07,3,2.75
465b977a-fd47-407f-bc94-3744e1158b14,74,24.5661,0.001841,True,True,0.00314736,26,22.28,6,13.03,7,9.25,5,7.17,4,5.86,4,4.95,13,4.29,5,3.79,4,3.39
53a628a3-7e4c-417d-a0e7-de9b3a65210a,54,24.4434,0.00193,True,True,0.0067247,9,16.26,13,9.51,16,6.75,2,5.23,4,4.28,6,3.62,3,3.13,0,2.76,1,2.47
3a6785cc-6019-41d2-b921-7927b9b9bed3,58,24.1998,0.002121,True,True,0.00741688,8,17.46,19,10.21,12,7.25,10,5.62,4,4.59,2,3.88,1,3.36,1,2.97,1,2.65
dce049a1-db14-42f6-ba28-553fc69f57cc,97,24.1466,0.002166,True,True,0.00280982,22,29.2,22,17.08,14,12.12,20,9.4,10,7.68,4,6.49,3,5.63,1,4.96,1,4.44
20655e1d-a1dc-48d2-9398-f5090f8079f9,88,24.0801,0.002222,True,True,0.00421772,18,26.49,6,15.5,19,10.99,14,8.53,11,6.97,10,5.89,4,5.1,3,4.5,3,4.03
440fcc6f-d739-489a-8eb4-9075430350c9,51,24.0276,0.002268,True,True,0.00581055,13,15.35,5,8.98,15,6.37,9,4.94,0,4.04,3,3.41,3,2.96,0,2.61,3,2.33
e2e74760-b37e-4e23-a7fa-080a14d722f8,55,23.6429,0.00263,True,True,0.00373054,16,16.56,5,9.69,3,6.87,10,5.33,5,4.35,4,3.68,2,3.19,9,2.81,1,2.52
80a16369-169f-431d-8212-b9b81a3810be,80,23.4265,0.002858,True,True,0.00410679,17,24.08,25,14.09,12,10.0,12,7.75,4,6.33,2,5.36,7,4.64,1,4.09,0,3.66
cb09731a-de16-4d2a-805b-92e882e64de9,102,23.4085,0.002878,True,True,0.00297001,23,30.71,6,17.96,13,12.74,12,9.88,9,8.08,11,6.83,10,5.92,8,5.22,10,4.67
1ba4637f-90b4-4615-bc5c-5f2160e1ffee,116,23.3466,0.002947,True,True,0.00207014,35,34.92,16,20.43,4,14.49,9,11.24,18,9.19,7,7.77,12,6.73,9,5.93,6,5.31
41466dbb-f33f-4aa1-8b49-c51045e56fa1,56,23.3278,0.002968,True,True,0.00405176,18,16.86,4,9.86,2,7.0,4,5.43,6,4.43,5,3.75,10,3.25,3,2.86,4,2.56
286de99c-6a69-4c4b-b863-cb07988fe460,149,23.2847,0.003017,True,True,0.00189476,36,44.85,20,26.24,31,18.62,20,14.44,11,11.8,10,9.98,15,8.64,3,7.62,3,6.82
f6815d56-76cf-4955-b906-c74bcb7a2ae4,292,23.1041,0.003233,True,True,0.00143842,112,87.9,37,51.42,27,36.48,16,28.3,23,23.12,23,19.55,23,16.93,13,14.94,18,13.36
23ebdf1f-abc3-47df-a324-d41b28f4ab9a,52,22.965,0.003409,True,True,0.00417922,17,15.65,2,9.16,5,6.5,5,5.04,1,4.12,4,3.48,5,3.02,6,2.66,7,2.38
35aee3e4-8810-4c03-9ac4-f98e2e9b87b4,71,22.7868,0.003649,True,True,0.00432276,26,21.37,3,12.5,2,8.87,6,6.88,7,5.62,7,4.75,8,4.12,7,3.63,5,3.25
b237bec5-4231-4cb5-9380-991631d1fbe0,162,22.6662,0.00382,True,True,0.00186401,39,48.77,16,28.53,16,20.24,22,15.7,21,12.83,15,10.85,16,9.39,8,8.29,9,7.41
0b20eede-e11b-43c6-a052-be4806d4c7b8,69,22.1778,0.004597,True,True,0.0041634,10,20.77,12,12.15,7,8.62,5,6.69,9,5.46,5,4.62,6,4.0,6,3.53,9,3.16
873519cd-373c-41f6-a4ed-e7920bc438c2,56,22.1412,0.004661,True,True,0.00629086,9,16.86,10,9.86,17,7.0,8,5.43,3,4.43,3,3.75,4,3.25,1,2.86,1,2.56
e3d4d58e-e16a-4b53-967c-02df2dfc54c0,33,22.1334,0.004675,True,True,0.00726581,6,9.93,7,5.81,8,4.12,2,3.2,8,2.61,2,2.21,0,1.91,0,1.69,0,1.51
e47ce631-b079-4ace-97a1-350a9f4bc9a1,137,22.0383,0.004845,True,True,0.00236792,26,41.24,27,24.12,22,17.12,11,13.28,20,10.85,13,9.17,10,7.94,7,7.01,1,6.27
aa46d2e9-8e55-45e8-ae5b-ae0ceefc79f4,71,21.8483,0.005205,True,True,0.00570157,8,21.37,14,12.5,5,8.87,12,6.88,10,5.62,7,4.75,5,4.12,7,3.63,3,3.25
1919f3bc-471e-4f6e-88f0-0c3a486ea798,66,21.7521,0.005396,True,True,0.00387986,14,19.87,8,11.62,8,8.25,15,6.4,5,5.23,9,4.42,1,3.83,4,3.38,2,3.02
a8fbc49d-3705-4b79-b0ee-f9322c70ec4c,30,21.6504,0.005606,True,True,0.01013127,4,9.03,3,5.28,7,3.75,9,2.91,2,2.38,2,2.01,0,1.74,1,1.53,2,1.37
fcdcfd74-2c5a-4f0e-80a4-47f4c4cf32ca,67,21.2648,0.006476,True,True,0.00587655,11,20.17,23,11.8,7,8.37,5,6.49,8,5.31,7,4.49,4,3.89,1,3.43,1,3.07
978ad021-bf24-4194-b4f1-6a3a799af028,60,21.2602,0.006487,True,True,0.00689367,30,18.06,7,10.57,1,7.5,4,5.81,2,4.75,5,4.02,7,3.48,2,3.07,2,2.75
5b7cdac4-6478-4b5e-9cf1-08fde034cf2a,56,21.1764,0.006693,True,True,0.00498731,9,16.86,5,9.86,7,7.0,7,5.43,7,4.43,10,3.75,4,3.25,2,2.86,5,2.56
74541256-f389-498d-ab2f-e78c98772477,41,20.6785,0.008052,True,True,0.0076731,4,12.34,7,7.22,9,5.12,7,3.97,5,3.25,4,2.74,0,2.38,5,2.1,0,1.88
37454bd2-e7ee-4e51-8028-98a7d9d955a1,45,20.5774,0.008359,True,True,0.00392449,12,13.55,7,7.92,2,5.62,5,4.36,0,3.56,9,3.01,5,2.61,3,2.3,2,2.06
2309217c-b0fa-449c-9191-521100309539,73,20.5647,0.008398,True,True,0.00388672,16,21.98,15,12.85,20,9.12,5,7.07,2,5.78,5,4.89,6,4.23,3,3.73,1,3.34
4d66e133-d34c-4c86-b7c5-c91cbabb69b3,64,20.5208,0.008535,True,True,0.00277939,18,19.27,8,11.27,3,8.0,4,6.2,3,5.07,10,4.28,6,3.71,7,3.27,5,2.93
30d2e3d0-9895-4c16-acf6-ded1b8b6fb5b,139,20.3308,0.009154,True,True,0.00200951,52,41.84,16,24.48,8,17.37,12,13.47,6,11.01,13,9.31,14,8.06,9,7.11,9,6.36
75e843ed-910b-4f7c-bb28-61bd630a9ed0,103,20.2508,0.009428,True,True,0.00302272,19,31.01,18,18.14,21,12.87,15,9.98,14,8.16,5,6.9,6,5.97,4,5.27,1,4.71
aa40d08a-15dc-49cb-a1bc-2025f19c1214,133,20.2009,0.009602,True,True,0.00161546,41,40.04,30,23.42,6,16.62,14,12.89,3,10.53,8,8.9,11,7.71,12,6.8,8,6.09
fea63780-fe71-439d-aabf-cd9e21efa05d,37,20.1415,0.009814,True,True,0.00554734,11,11.14,3,6.52,1,4.62,8,3.59,3,2.93,7,2.48,2,2.15,2,1.89,0,1.69
a33b54c3-cfc9-45af-a18a-773fc904ffac,97,20.0302,0.010222,True,False,0.00348572,15,29.2,21,17.08,15,12.12,9,9.4,11,7.68,13,6.49,5,5.63,7,4.96,1,4.44
89a597c5-4683-4a4c-aa13-73c96ffb342c,32,19.9223,0.010634,True,False,0.00567336,6,9.63,3,5.63,2,4.0,3,3.1,1,2.53,4,2.14,4,1.86,5,1.64,4,1.46
6bcefbbc-254f-4f37-af88-2ff0182da603,44,19.8677,0.010848,True,False,0.00567264,10,13.25,3,7.75,3,5.5,11,4.26,7,3.48,3,2.95,3,2.55,3,2.25,1,2.01
bd742744-8c8c-42da-b2d4-21cca5dc2c0a,91,19.6656,0.011678,True,False,0.00415566,13,27.39,22,16.02,12,11.37,11,8.82,14,7.21,8,6.09,2,5.28,4,4.65,5,4.16
f0c834e6-d59d-4979-8279-d121e5d3b0b5,49,19.5105,0.012355,True,False,0.00631536,6,14.75,8,8.63,11,6.12,8,4.75,7,3.88,6,3.28,2,2.84,1,2.51,0,2.24
bc0279a2-04bf-4b8b-bceb-8a45b54038ae,20,19.4756,0.012513,True,False,0.01060181,3,6.02,0,3.52,2,2.5,1,1.94,3,1.58,3,1.34,2,1.16,4,1.02,2,0.92
1744371a-9704-4918-bacb-83e6d14f5385,45,19.4031,0.012847,True,False,0.00518076,10,13.55,2,7.92,4,5.62,8,4.36,4,3.56,8,3.01,5,2.61,2,2.3,2,2.06
4719d67b-76f9-4187-9d56-762bf12966c3,155,19.3907,0.012904,True,False,0.00244661,28,46.66,26,27.29,26,19.37,25,15.02,18,12.27,9,10.38,9,8.99,7,7.93,7,7.09
433578b4-606d-4b25-ab67-8ad018ccc4ef,53,19.3266,0.013207,True,False,0.00496616,9,15.95,9,9.33,13,6.62,9,5.14,4,4.2,6,3.55,0,3.07,3,2.71,0,2.43
40fcf621-0469-44ba-9618-d2c307b87920,140,19.1997,0.013827,True,False,0.00189676,53,42.14,17,24.65,8,17.49,10,13.57,10,11.09,12,9.37,7,8.12,11,7.16,12,6.41
b205264b-97ff-47d3-a545-6d60ef19a514,69,19.0059,0.014828,True,False,0.00302326,23,20.77,6,12.15,3,8.62,5,6.69,7,5.46,11,4.62,7,4.0,4,3.53,3,3.16
852b258e-0163-4544-a269-7829e6fa1346,57,18.7243,0.016406,True,False,0.00708829,7,17.16,19,10.04,11,7.12,5,5.52,3,4.51,3,3.82,5,3.31,3,2.92,1,2.61
9b142c41-ee23-4f01-b0c0-162665618ec7,129,18.6919,0.016597,True,False,0.00215003,27,38.83,21,22.72,27,16.12,16,12.5,14,10.21,11,8.64,8,7.48,3,6.6,2,5.9
97d965fc-49a3-4a40-aa6f-40c3fc4636d9,59,18.6575,0.016803,True,False,0.00385994,10,17.76,8,10.39,8,7.37,9,5.72,4,4.67,4,3.95,10,3.42,3,3.02,3,2.7
95a12403-5459-48cf-b39b-0fd9c343bc89,33,18.6413,0.0169,True,False,0.00910252,4,9.93,9,5.81,10,4.12,2,3.2,3,2.61,2,2.21,0,1.91,3,1.69,0,1.51
4d42f4d2-86a7-4127-9440-700bfb951ec7,141,18.6373,0.016925,True,False,0.00200946,52,42.45,38,24.83,15,17.62,12,13.66,5,11.16,4,9.44,5,8.18,6,7.21,4,6.45
7404246a-23c9-41a1-a039-caa0494dbcff,131,18.6372,0.016925,True,False,0.00332351,58,39.43,15,23.07,7,16.37,13,12.7,7,10.37,10,8.77,8,7.6,8,6.7,5,5.99
62843d23-ea08-4142-85b1-fa427148a954,138,18.5972,0.017169,True,False,0.00168741,36,41.54,12,24.3,19,17.24,13,13.37,18,10.93,14,9.24,6,8.0,12,7.06,8,6.31
8cf653b7-d1d1-4b3a-bd8f-f8e80179073d,75,18.5868,0.017233,True,False,0.002561,20,22.58,9,13.21,4,9.37,7,7.27,14,5.94,6,5.02,4,4.35,7,3.84,4,3.43
349aa49c-51db-4d9f-936a-18f213ee8ef7,90,18.4228,0.018271,True,False,0.00269797,28,27.09,27,15.85,15,11.24,6,8.72,2,7.13,5,6.03,1,5.22,4,4.6,2,4.12
4157d76b-1f49-4627-bbee-0826abddaa07,51,18.2954,0.019118,True,False,0.00316204,17,15.35,7,8.98,3,6.37,4,4.94,10,4.04,1,3.41,5,2.96,0,2.61,4,2.33
574ee10a-f9e2-4dc2-8ab1-ecd7631d5c84,50,18.2345,0.019536,True,False,0.00412056,10,15.05,11,8.8,2,6.25,5,4.85,9,3.96,3,3.35,7,2.9,2,2.56,1,2.29
c430bbb0-49e5-49cf-8db2-12ebc2b99098,38,18.2228,0.019617,True,False,0.00595624,7,11.44,2,6.69,4,4.75,4,3.68,8,3.01,4,2.54,4,2.2,4,1.94,1,1.74
d767c88b-aa1f-4177-af37-a6c3b510e231,56,18.155,0.020094,True,False,0.00314103,14,16.86,14,9.86,6,7.0,8,5.43,10,4.43,0,3.75,3,3.25,0,2.86,1,2.56
e57f25d5-808f-4ab5-879d-d243c3616837,389,18.0757,0.020666,True,False,0.00094251,147,117.1,59,68.5,40,48.6,28,37.7,22,30.8,24,26.04,26,22.56,26,19.9,17,17.8
61596355-a380-4ee6-b7f2-73e10effe27b,40,18.0643,0.020749,True,False,0.00526474,7,12.04,4,7.04,3,5.0,3,3.88,8,3.17,3,2.68,4,2.32,5,2.05,3,1.83
e58d674a-33e9-47e6-a61b-4875006ffe3e,73,18.0254,0.021037,True,False,0.00274883,19,21.98,12,12.85,16,9.12,14,7.07,2,5.78,3,4.89,3,4.23,1,3.73,3,3.34
aeaf232c-872a-4e53-9abc-b3a7b7819687,66,18.0171,0.021098,True,False,0.00342784,13,19.87,7,11.62,9,8.25,3,6.4,11,5.23,6,4.42,7,3.83,6,3.38,4,3.02
a20bdc0a-e2d3-4b8b-8450-8e13f5f5f423,195,17.9296,0.02176,True,False,0.00146243,71,58.7,49,34.34,23,24.36,12,18.9,10,15.44,7,13.05,8,11.31,8,9.97,7,8.92
af1d65f9-1edd-40cf-b5f4-e3ffec0aa8d4,39,17.8627,0.02228,True,False,0.00583535,6,11.74,3,6.87,3,4.87,6,3.78,6,3.09,3,2.61,3,2.26,4,1.99,5,1.78
d5d5a463-10ec-4ae0-9c2d-bff7147b1df5,39,17.8246,0.02258,True,False,0.00731016,4,11.74,9,6.87,4,4.87,8,3.78,4,3.09,6,2.61,3,2.26,1,1.99,0,1.78
f5242f39-b949-4526-8094-bd4c680a9c09,99,17.8061,0.022728,True,False,0.00198875,22,29.8,17,17.43,11,12.37,14,9.59,16,7.84,9,6.63,3,5.74,6,5.06,1,4.53
6b5eb2c8-1c59-48e8-a1ed-c97d62b3d1fc,152,17.716,0.023459,True,False,0.00167651,49,45.76,43,26.77,19,18.99,12,14.73,9,12.04,4,10.18,7,8.81,5,7.78,4,6.96
3eb48e38-5f0d-48c2-8eb5-7f16227c69b8,74,17.6798,0.02376,True,False,0.00470879,10,22.28,18,13.03,15,9.25,8,7.17,5,5.86,2,4.95,6,4.29,7,3.79,3,3.39
81600203-34dd-4466-af00-7560275c7365,61,17.668,0.023858,True,False,0.00370361,25,18.36,9,10.74,1,7.62,4,5.91,7,4.83,2,4.08,5,3.54,7,3.12,1,2.79
0d612c0c-e472-4553-9452-dc69fcaee77a,122,17.5947,0.024479,True,False,0.00275958,54,36.73,22,21.48,13,15.24,9,11.82,7,9.66,4,8.17,4,7.08,8,6.24,1,5.58
48bfa451-03cf-435e-8e07-e4c066cb0b3d,52,17.553,0.024839,True,False,0.00423562,22,15.65,10,9.16,3,6.5,0,5.04,2,4.12,6,3.48,5,3.02,0,2.66,4,2.38
e720f886-bcbd-4ae0-9c20-edf7a800ad73,35,17.5474,0.024888,True,False,0.00569637,6,10.54,4,6.16,5,4.37,4,3.39,8,2.77,4,2.34,0,2.03,1,1.79,3,1.6
b01a76e7-a41a-4af7-8109-28f159b38c41,160,17.5413,0.024941,True,False,0.00121159,55,48.16,34,28.17,29,19.99,14,15.51,6,12.67,8,10.71,2,9.28,5,8.18,7,7.32
07357349-7824-4abb-915d-5155902e933e,52,17.3694,0.026484,True,False,0.00645878,6,15.65,11,9.16,13,6.5,2,5.04,6,4.12,5,3.48,2,3.02,4,2.66,3,2.38
301b6e18-3e0f-4604-942f-5d5996c49d7d,78,17.3241,0.026906,True,False,0.00286783,15,23.48,15,13.74,10,9.75,15,7.56,8,6.18,6,5.22,3,4.52,0,3.99,6,3.57
71a7f20f-4c20-42df-a642-6f76270d1ec4,35,17.3236,0.026911,True,False,0.00611152,14,10.54,1,6.16,2,4.37,1,3.39,3,2.77,5,2.34,4,2.03,1,1.79,4,1.6
8688c2a7-ba52-4f25-8e78-2a89d434ad74,55,17.3167,0.026975,True,False,0.00472815,20,16.56,19,9.69,5,6.87,4,5.33,2,4.35,0,3.68,1,3.19,2,2.81,2,2.52
d165b4da-f103-4c7d-8107-7d130b2c3ff4,56,17.1672,0.028415,True,False,0.00261594,14,16.86,12,9.86,9,7.0,2,5.43,3,4.43,9,3.75,2,3.25,0,2.86,5,2.56
de4a3731-f639-4a22-b046-3249b182f3d8,44,17.1407,0.028677,True,False,0.00418077,13,13.25,13,7.75,9,5.5,3,4.26,0,3.48,0,2.95,0,2.55,2,2.25,4,2.01
be77506a-cff1-4523-8ccd-dbe7023c85b4,61,17.1154,0.02893,True,False,0.00315327,24,18.36,10,10.74,2,7.62,2,5.91,6,4.83,6,4.08,2,3.54,2,3.12,7,2.79
db72cb67-80c7-44d5-83eb-e81306158927,124,17.0848,0.029238,True,False,0.00252758,49,37.33,11,21.84,7,15.49,14,12.02,12,9.82,8,8.3,6,7.19,8,6.34,9,5.67
14104a64-4f56-42b6-925d-7aeeee663c13,47,17.081,0.029277,True,False,0.00353302,14,14.15,4,8.28,1,5.87,4,4.55,4,3.72,5,3.15,6,2.73,6,2.4,3,2.15
9467da81-9fc0-4ba4-aba1-0eec9c585af1,47,17.0717,0.029371,True,False,0.00337615,11,14.15,6,8.28,7,5.87,9,4.55,6,3.72,0,3.15,0,2.73,3,2.4,5,2.15
9315de5c-bb70-4037-ac61-ea545a34eaaa,84,16.9366,0.030776,True,False,0.00197195,22,25.29,11,14.79,4,10.49,9,8.14,11,6.65,8,5.62,5,4.87,10,4.3,4,3.84
c622c31e-dbdd-4193-b970-b227fbabbbc6,47,16.9083,0.031078,True,False,0.00390914,11,14.15,5,8.28,9,5.87,6,4.55,10,3.72,2,3.15,1,2.73,2,2.4,1,2.15
bf91e1c9-e66c-48b4-b714-abf9cbdb1373,40,16.8996,0.031172,True,False,0.00298878,12,12.04,6,7.04,2,5.0,3,3.88,1,3.17,3,2.68,4,2.32,7,2.05,2,1.83
8d06c454-1e32-47bb-ac36-7d92af44804e,43,16.8649,0.031547,True,False,0.00493162,7,12.94,7,7.57,5,5.37,9,4.17,7,3.4,2,2.88,2,2.49,0,2.2,4,1.97
e21aff48-fae8-4476-b824-3c44f97260e0,54,16.8504,0.031706,True,False,0.00689449,7,16.26,18,9.51,11,6.75,4,5.23,3,4.28,3,3.62,4,3.13,2,2.76,2,2.47
801a6ed1-9a3e-4442-8317-d09c4b395f28,49,16.8369,0.031853,True,False,0.00276832,15,14.75,4,8.63,4,6.12,4,4.75,6,3.88,4,3.28,1,2.84,4,2.51,7,2.24
286b6d1b-11ef-4b8d-a7a9-53e3f9c40c07,86,16.7798,0.032485,True,False,0.00298014,16,25.89,19,15.14,15,10.74,15,8.33,9,6.81,6,5.76,3,4.99,2,4.4,1,3.94
0df09c90-4f02-49c5-a795-4d6961f5382d,67,16.7721,0.032571,True,False,0.0036511,12,20.17,11,11.8,14,8.37,11,6.49,9,5.31,5,4.49,1,3.89,1,3.43,3,3.07
2e2e9e4f-5c88-4cf4-9b60-0ced2e98f029,40,16.7476,0.032847,True,False,0.00360073,15,12.04,10,7.04,4,5.0,3,3.88,1,3.17,0,2.68,1,2.32,6,2.05,0,1.83
6463a4b1-9ba8-4840-b5df-95603a2b0492,47,16.7182,0.033181,True,False,0.00545005,21,14.15,14,8.28,6,5.87,2,4.55,2,3.72,1,3.15,0,2.73,0,2.4,1,2.15
46409adb-9f1c-40be-ad9a-05dbaa35fbd0,67,16.6351,0.034141,True,False,0.00320407,13,20.17,8,11.8,10,8.37,12,6.49,7,5.31,7,4.49,7,3.89,0,3.43,3,3.07
dafaeb51-66c6-4f04-a66d-758ca2913de1,51,16.6195,0.034324,True,False,0.00358481,13,15.35,4,8.98,6,6.37,4,4.94,11,4.04,5,3.41,4,2.96,2,2.61,2,2.33
da54cc8b-0a63-40c3-978d-3d97f7fb6d51,94,16.4935,0.035837,True,False,0.00153801,25,28.3,10,16.55,10,11.74,11,9.11,6,7.44,7,6.29,6,5.45,12,4.81,7,4.3
7d7cc047-c836-4cea-abe1-d5a01d0e49fd,91,16.4562,0.036296,True,False,0.00356025,41,27.39,15,16.02,5,11.37,5,8.82,5,7.21,5,6.09,9,5.28,3,4.65,3,4.16
7af73380-8c64-47c7-99e0-8b8309023998,35,16.4423,0.036469,True,False,0.00730235,16,10.54,2,6.16,1,4.37,0,3.39,5,2.77,3,2.34,2,2.03,4,1.79,2,1.6
2a535851-e6cf-4e33-9755-2ed902bfda71,89,16.4308,0.036613,True,False,0.00390624,13,26.79,22,15.67,9,11.12,13,8.62,11,7.05,7,5.96,7,5.16,5,4.55,2,4.07
76f4c6f8-6c21-4927-9836-1f5bbb9b7552,48,16.3944,0.037071,True,False,0.00647773,24,14.45,11,8.45,3,6.0,2,4.65,0,3.8,3,3.21,3,2.78,0,2.46,2,2.2
a4caf44a-c111-4019-8fcf-71353ce156db,36,16.3807,0.037244,True,False,0.00640166,5,10.84,3,6.34,5,4.5,6,3.49,6,2.85,5,2.41,1,2.09,4,1.84,1,1.65
3b5daca2-bd57-42de-91ae-90ec83678f0a,44,16.3346,0.037834,True,False,0.00450718,16,13.25,12,7.75,0,5.5,1,4.26,2,3.48,3,2.95,2,2.55,3,2.25,5,2.01
ab332b0b-8a78-4ac7-a267-87b5bbbb5e38,152,16.272,0.038648,True,False,0.00170365,34,45.76,20,26.77,29,18.99,20,14.73,17,12.04,11,10.18,7,8.81,10,7.78,4,6.96
c5739a35-27fe-48ab-881c-8a8f588e64eb,43,16.2511,0.038923,True,False,0.00501265,7,12.94,10,7.57,5,5.37,9,4.17,4,3.4,6,2.88,0,2.49,1,2.2,1,1.97
109d1d2a-33e9-43ee-acee-d25b9f4ec432,48,16.2433,0.039027,True,False,0.00398593,11,14.45,4,8.45,4,6.0,10,4.65,6,3.8,1,3.21,4,2.78,5,2.46,3,2.2
238c9614-9963-4ce8-a68f-aeb88de4dda3,50,16.232,0.039178,True,False,0.00495714,21,15.05,15,8.8,5,6.25,0,4.85,4,3.96,2,3.35,0,2.9,1,2.56,2,2.29
74950405-05a6-473b-9fb2-990b5e2ebe82,123,16.2082,0.039496,True,False,0.00124214,40,37.03,23,21.66,6,15.37,11,11.92,8,9.74,5,8.23,12,7.13,12,6.29,6,5.63
8ac4b9d5-7dab-432e-99e1-91e4b9d85cc2,45,16.1949,0.039674,True,False,0.00563515,7,13.55,3,7.92,6,5.62,9,4.36,4,3.56,6,3.01,4,2.61,4,2.3,2,2.06
c57ab95e-fc77-46ce-bdc4-88b3073374f6,58,16.1461,0.040336,True,False,0.00345477,12,17.46,5,10.21,9,7.25,10,5.62,6,4.59,3,3.88,7,3.36,1,2.97,5,2.65
ce17e140-0cb7-46e2-8713-71980bec2a72,86,16.0189,0.04211,True,False,0.00150728,25,25.89,9,15.14,9,10.74,9,8.33,5,6.81,4,5.76,7,4.99,10,4.4,8,3.94
a3c3c00f-2486-49d8-b58a-f6e890667fee,39,16.0087,0.042255,True,False,0.005438,7,11.74,3,6.87,6,4.87,4,3.78,9,3.09,3,2.61,3,2.26,2,1.99,2,1.78
503af9a7-25bc-45da-9c06-ded4189ec933,80,15.9995,0.042387,True,False,0.00350212,12,24.08,16,14.09,14,10.0,9,7.75,9,6.33,5,5.36,4,4.64,9,4.09,2,3.66
3b92af75-ee94-467e-8ad3-885581868b08,45,15.9774,0.042704,True,False,0.00462397,7,13.55,10,7.92,6,5.62,8,4.36,1,3.56,3,3.01,1,2.61,6,2.3,3,2.06
f3b8e9af-58b3-4fee-8ea9-f3e8670482be,330,15.9487,0.04312,True,False,0.00047749,106,99.34,64,58.11,29,41.23,23,31.98,21,26.13,18,22.09,23,19.14,25,16.88,21,15.1
599814e6-883d-4794-bbad-e30bca356222,129,15.9164,0.043592,True,False,0.00118799,44,38.83,24,22.72,9,16.12,11,12.5,3,10.21,9,8.64,9,7.48,13,6.6,7,5.9
2fc0512c-3086-49c2-a591-6dfbf2bfe4a8,34,15.9047,0.043764,True,False,0.00316636,10,10.24,3,5.99,4,4.25,3,3.29,1,2.69,2,2.28,3,1.97,2,1.74,6,1.56
f35d2e5f-56e1-498d-bdd3-7820ac36c794,40,15.6578,0.047548,True,False,0.00456707,6,12.04,6,7.04,5,5.0,3,3.88,4,3.17,3,2.68,7,2.32,2,2.05,4,1.83
7462708a-792e-4d85-a57d-28c7fe5e0472,66,15.6157,0.048223,True,False,0.00249477,17,19.87,8,11.62,9,8.25,13,6.4,10,5.23,4,4.42,2,3.83,2,3.38,1,3.02
8bc98156-c4b2-4970-b990-baa20d48c802,87,15.5839,0.048739,True,False,0.00179101,23,26.19,15,15.32,9,10.87,17,8.43,11,6.89,3,5.82,5,5.05,2,4.45,2,3.98
9525f677-0d74-44a0-a3c2-7289f0996ffd,53,15.5632,0.049076,True,False,0.00416946,9,15.95,7,9.33,9,6.62,11,5.14,5,4.2,4,3.55,2,3.07,1,2.71,5,2.43
184b1047-1882-4dcc-a0a4-d2642b31f588,58,15.4074,0.051691,False,False,0.0036678,24,17.46,12,10.21,2,7.25,1,5.62,4,4.59,2,3.88,5,3.36,6,2.97,2,2.65
851b8ac2-51cd-4272-8f89-1f5a339d70c8,51,15.3665,0.052398,False,False,0.00506065,7,15.35,8,8.98,8,6.37,11,4.94,3,4.04,5,3.41,4,2.96,4,2.61,1,2.33
ae28cdc8-4929-4e75-8103-1c3b7bb66d39,94,15.3318,0.053006,False,False,0.00261566,37,28.3,20,16.55,3,11.74,3,9.11,8,7.44,5,6.29,6,5.45,6,4.81,6,4.3
638ea99a-ffba-4fa1-b738-8cb7d8aa80ee,48,15.3238,0.053146,False,False,0.00493032,7,14.45,8,8.45,3,6.0,7,4.65,9,3.8,5,3.21,4,2.78,3,2.46,2,2.2
7561e80a-3e62-439b-ac1d-13fdb0bb4631,49,15.1826,0.05569,False,False,0.00311968,10,14.75,11,8.63,5,6.12,2,4.75,3,3.88,3,3.28,7,2.84,6,2.51,2,2.24
28004ec5-5a6a-4c43-b89e-c080faf1429f,65,15.1637,0.05604,False,False,0.00398809,10,19.57,8,11.45,10,8.12,10,6.3,9,5.15,8,4.35,4,3.77,2,3.32,4,2.97
533d10ab-9665-4910-9141-443fa11e3091,75,15.0916,0.057388,False,False,0.00233291,24,22.58,21,13.21,12,9.37,9,7.27,2,5.94,1,5.02,2,4.35,1,3.84,3,3.43
49eddb14-ba95-4afc-9d99-9d83a5cc4e81,108,15.0725,0.05775,False,False,0.00292017,18,32.51,23,19.02,21,13.49,13,10.47,9,8.55,10,7.23,7,6.26,5,5.52,2,4.94
ff5b7cea-3904-4c77-ae9c-e2b9d0691ec2,51,15.042,0.058335,False,False,0.00402723,21,15.35,6,8.98,1,6.37,2,4.94,6,4.04,2,3.41,4,2.96,4,2.61,5,2.33
d8e4bd91-7fa7-4be1-b610-d4c000bdba7a,29,15.0233,0.058694,False,False,0.00889899,2,8.73,6,5.11,5,3.62,4,2.81,6,2.3,3,1.94,1,1.68,0,1.48,2,1.33
7456d99c-9887-4c1a-871c-7932c36bc03a,45,14.9683,0.059765,False,False,0.00485013,7,13.55,9,7.92,10,5.62,8,4.36,3,3.56,3,3.01,1,2.61,0,2.3,4,2.06
650d1d19-6efb-444c-bce2-00b1f21e6a61,41,14.9281,0.06056,False,False,0.00295298,13,12.34,5,7.22,2,5.12,2,3.97,2,3.25,6,2.74,2,2.38,4,2.1,5,1.88
11034569-be74-4e48-a209-53e7a82745ec,48,14.8518,0.062093,False,False,0.00458632,8,14.45,5,8.45,4,6.0,8,4.65,8,3.8,6,3.21,3,2.78,3,2.46,3,2.2
54d36796-fe36-4228-92dc-fb62a1d7917a,39,14.7621,0.063939,False,False,0.0044709,14,11.74,12,6.87,5,4.87,1,3.78,0,3.09,0,2.61,1,2.26,4,1.99,2,1.78
fcdb657e-f056-46f9-b673-f3c0b83f75bb,81,14.7337,0.064535,False,False,0.00230093,20,24.38,6,14.26,10,10.12,12,7.85,5,6.41,8,5.42,8,4.7,5,4.14,7,3.71
ced1c275-f49f-4a45-b4df-4d7791ea941d,48,14.673,0.065823,False,False,0.00453185,8,14.45,6,8.45,10,6.0,9,4.65,5,3.8,2,3.21,2,2.78,5,2.46,1,2.2
f00dd71c-fd06-4f48-85a5-7aa7c6a671b1,61,14.5681,0.068108,False,False,0.00316981,11,18.36,9,10.74,11,7.62,8,5.91,6,4.83,8,4.08,6,3.54,0,3.12,2,2.79
77ff3f3b-70fd-454d-82c2-7a5881fcdb3f,80,14.568,0.06811,False,False,0.00222308,16,24.08,16,14.09,10,10.0,9,7.75,8,6.33,12,5.36,3,4.64,5,4.09,1,3.66
f464aa14-2273-477a-8985-4e8cba131f9a,39,14.555,0.068398,False,False,0.0046282,9,11.74,13,6.87,4,4.87,4,3.78,4,3.09,1,2.61,0,2.26,0,1.99,4,1.78
3c0bd605-4814-4841-a9d3-793a92d439df,91,14.5473,0.06857,False,False,0.00285243,16,27.39,13,16.02,15,11.37,15,8.82,11,7.21,7,6.09,6,5.28,6,4.65,2,4.16
015791db-8177-482a-ac6f-d89147961a26,112,14.5289,0.068979,False,False,0.00208965,23,33.72,23,19.72,21,13.99,17,10.85,7,8.87,10,7.5,4,6.5,4,5.73,3,5.12
d51dc507-92bc-4696-a586-5d035aba167e,105,14.4973,0.06969,False,False,0.00155014,38,31.61,14,18.49,10,13.12,11,10.18,2,8.31,12,7.03,10,6.09,4,5.37,4,4.8
d32a00ee-939e-4b8c-ad9e-cb77a7a06e36,75,14.4939,0.069767,False,False,0.00330664,12,22.58,15,13.21,13,9.37,8,7.27,6,5.94,11,5.02,3,4.35,3,3.84,4,3.43
bf81aae8-00f5-405a-a4d5-11b17178b5d6,63,14.4626,0.070478,False,False,0.00411784,9,18.96,10,11.09,10,7.87,8,6.11,11,4.99,5,4.22,3,3.65,3,3.22,4,2.88
580e4293-936c-4d63-866c-457696ac3cb9,69,14.4063,0.07177,False,False,0.00206465,18,20.77,7,12.15,6,8.62,10,6.69,6,5.46,8,4.62,2,4.0,8,3.53,4,3.16
83fed62c-3b39-4dd6-9843-f1b4389b6b47,35,14.3858,0.072248,False,False,0.00406624,10,10.54,3,6.16,3,4.37,5,3.39,8,2.77,2,2.34,2,2.03,2,1.79,0,1.6
a9141d73-07ec-4683-bf2a-1c5341db302b,41,14.3798,0.072387,False,False,0.00312818,12,12.34,5,7.22,1,5.12,3,3.97,4,3.25,4,2.74,7,2.38,3,2.1,2,1.88
2571266a-352f-48fe-9e39-f144f5d8fb88,43,14.3785,0.072418,False,False,0.00309969,10,12.94,5,7.57,5,5.37,6,4.17,3,3.4,8,2.88,1,2.49,4,2.2,1,1.97
bf4a1d3c-15fe-4315-b991-51e03cc01b9f,27,14.342,0.073274,False,False,0.00559194,5,8.13,3,4.75,2,3.37,4,2.62,1,2.14,6,1.81,2,1.57,2,1.38,2,1.24
b2628f4f-7b65-4be3-aed1-27d9887624f0,48,14.3098,0.074039,False,False,0.00594705,5,14.45,7,8.45,8,6.0,9,4.65,4,3.8,5,3.21,5,2.78,2,2.46,3,2.2
c75afc2b-6448-4609-b03a-575e9031ad7c,64,14.2998,0.074278,False,False,0.00253399,18,19.27,17,11.27,5,8.0,11,6.2,3,5.07,0,4.28,3,3.71,5,3.27,2,2.93
1165e378-8f9c-4838-8036-a5d8832ee750,53,14.2898,0.074518,False,False,0.00329313,20,15.95,3,9.33,6,6.62,4,5.14,4,4.2,5,3.55,7,3.07,4,2.71,0,2.43
673762b9-deb7-4fa4-a080-15992cfef5a9,57,14.2861,0.074607,False,False,0.00308497,12,17.16,7,10.04,4,7.12,8,5.52,9,4.51,8,3.82,4,3.31,3,2.92,2,2.61
b719ab81-6871-4165-91b1-d1aa0ff8867a,69,14.1556,0.077798,False,False,0.00215177,19,20.77,7,12.15,5,8.62,5,6.69,10,5.46,9,4.62,4,4.0,6,3.53,4,3.16
02afd02e-6f7d-4952-a2d9-acbd759e8993,32,14.139,0.078214,False,False,0.0063213,12,9.63,11,5.63,0,4.0,4,3.1,3,2.53,1,2.14,1,1.86,0,1.64,0,1.46
3a6ebe41-5b11-4635-ae7e-202c94cdf163,72,14.0611,0.080187,False,False,0.00372759,12,21.67,18,12.68,15,9.0,7,6.98,8,5.7,5,4.82,1,4.18,3,3.68,3,3.29
97c342ac-f320-43f5-8ff8-645d0b2b62c4,34,14.0318,0.08094,False,False,0.00454288,12,10.24,3,5.99,6,4.25,8,3.29,3,2.69,0,2.28,0,1.97,1,1.74,1,1.56
7079044b-e247-4007-8434-4f306826ad3a,45,13.9552,0.08294,False,False,0.00341742,9,13.55,9,7.92,7,5.62,4,4.36,9,3.56,4,3.01,1,2.61,0,2.3,2,2.06
5b8b8736-a560-4ddf-b09f-039b6ce7e33b,54,13.9228,0.083801,False,False,0.00252904,18,16.26,4,9.51,4,6.75,4,5.23,4,4.28,4,3.62,4,3.13,6,2.76,6,2.47
4d38193b-5910-45cf-a3f0-7122e3a2bad3,68,13.878,0.085003,False,False,0.0028728,26,20.47,7,11.97,2,8.5,5,6.59,6,5.38,7,4.55,7,3.94,3,3.48,5,3.11
7a9c3d94-d371-45c6-8887-c0d700bdf052,52,13.8074,0.086925,False,False,0.00327129,11,15.65,14,9.16,9,6.5,5,5.04,7,4.12,1,3.48,1,3.02,0,2.66,4,2.38
2ce5ebc6-d5e0-4c95-b649-f093f92aa15c,45,13.7668,0.088049,False,False,0.00337106,10,13.55,4,7.92,6,5.62,4,4.36,7,3.56,7,3.01,1,2.61,4,2.3,2,2.06
382747fb-b6de-49b3-b49c-dc0d9f4e95de,110,13.7423,0.088735,False,False,0.00166917,42,33.11,26,19.37,13,13.74,7,10.66,6,8.71,8,7.36,3,6.38,5,5.63,0,5.03
13fff6ae-86d6-4328-9d0e-805e6c7c8566,164,13.7389,0.088831,False,False,0.00116794,38,49.37,28,28.88,28,20.49,21,15.89,19,12.99,12,10.98,5,9.51,9,8.39,4,7.5
8bc434d2-6390-4ff1-9f7e-4db8b8f75981,98,13.7037,0.089822,False,False,0.00181903,22,29.5,11,17.26,12,12.24,11,9.5,12,7.76,11,6.56,10,5.68,6,5.01,3,4.48
c818e120-0cf2-4b3f-9c79-eec68ce34cdc,68,13.6824,0.090427,False,False,0.00247637,14,20.47,13,11.97,11,8.5,12,6.59,4,5.38,8,4.55,3,3.94,3,3.48,0,3.11
ea51444a-9d02-4a71-a0ac-c1fa1b4bc66c,44,13.651,0.091327,False,False,0.00399623,18,13.25,4,7.75,3,5.5,2,4.26,6,3.48,0,2.95,4,2.55,3,2.25,4,2.01
de8da3c0-44bd-401a-8f21-88254ba28ac6,59,13.6254,0.092068,False,False,0.00384624,10,17.76,14,10.39,9,7.37,12,5.72,5,4.67,3,3.95,3,3.42,2,3.02,1,2.7
ac78c9f8-c595-4269-a637-c5d7663947dd,30,13.6115,0.092469,False,False,0.00476257,10,9.03,1,5.28,3,3.75,3,2.91,5,2.38,0,2.01,3,1.74,4,1.53,1,1.37
29a2a6b4-1ecc-42c9-aeac-7c41d3ac4cab,28,13.603,0.092719,False,False,0.00551949,6,8.43,1,4.93,2,3.5,4,2.71,3,2.22,4,1.87,3,1.62,4,1.43,1,1.28
5ea1da51-aebc-4bae-8592-05df785539e0,49,13.569,0.093713,False,False,0.00270001,17,14.75,5,8.63,3,6.12,4,4.75,1,3.88,6,3.28,4,2.84,6,2.51,3,2.24
3c47e30e-143b-422d-9393-03d90f14063e,51,13.5401,0.094569,False,False,0.0025868,13,15.35,4,8.98,5,6.37,7,4.94,6,4.04,3,3.41,2,2.96,5,2.61,6,2.33
313c198f-dc21-44bd-9966-2a4bc32bc679,51,13.5161,0.095283,False,False,0.00229492,16,15.35,6,8.98,5,6.37,8,4.94,0,4.04,5,3.41,4,2.96,6,2.61,1,2.33
68c3a7c1-0942-4a52-8f04-b2b4f6ac9016,67,13.4671,0.096758,False,False,0.00163985,20,20.17,8,11.8,5,8.37,5,6.49,3,5.31,7,4.49,6,3.89,6,3.43,7,3.07
7222a61a-eada-4cf2-96d6-a599b0a562cb,31,13.4328,0.0978,False,False,0.00914916,3,9.33,11,5.46,2,3.87,4,3.0,2,2.45,2,2.08,3,1.8,3,1.59,1,1.42
33f71686-4d34-49e2-a644-4ed2722db036,167,13.4017,0.098754,False,False,0.0013079,36,50.27,28,29.41,26,20.86,23,16.18,15,13.22,15,11.18,13,9.68,4,8.54,7,7.64
6c9773d4-2bcc-4634-b8ee-6bf95dd9a8d8,50,13.3861,0.099236,False,False,0.00283407,11,15.05,8,8.8,6,6.25,8,4.85,9,3.96,1,3.35,1,2.9,4,2.56,2,2.29
9a7b0f5a-f5d3-414a-8359-35fe366bfa31,20,13.3175,0.101381,False,False,0.00666941,4,6.02,1,3.52,3,2.5,3,1.94,0,1.58,2,1.34,4,1.16,1,1.02,2,0.92
2ed46af4-a515-4a62-8edc-873d842c3f1a,36,13.2562,0.103332,False,False,0.00660589,6,10.84,13,6.34,5,4.5,4,3.49,3,2.85,0,2.41,1,2.09,3,1.84,1,1.65
9833bd36-74b9-404f-81f8-a5830c132450,40,13.2335,0.104064,False,False,0.00422022,17,12.04,5,7.04,3,5.0,0,3.88,2,3.17,4,2.68,3,2.32,5,2.05,1,1.83
bddaf816-63fb-464d-8cde-b1288c02d0d3,76,13.2204,0.104488,False,False,0.00225237,29,22.88,11,13.38,3,9.5,6,7.37,4,6.02,7,5.09,9,4.41,3,3.89,4,3.48
f1b719ca-20ec-4b93-ab50-12a7fa00eaac,42,13.2174,0.104586,False,False,0.00350637,8,12.64,5,7.4,7,5.25,2,4.07,4,3.33,6,2.81,2,2.44,3,2.15,5,1.92
2f130609-febc-4fdb-a2bf-7d488cdbd750,75,13.175,0.10597,False,False,0.00177211,23,22.58,6,13.21,9,9.37,6,7.27,5,5.94,6,5.02,7,4.35,9,3.84,4,3.43
8171d34e-45d5-4cd4-a182-7b0a94d19f47,88,13.1686,0.10618,False,False,0.00357601,41,26.49,13,15.5,9,10.99,6,8.53,3,6.97,5,5.89,4,5.1,5,4.5,2,4.03
c1553974-1387-4dae-b82d-7571fd7ce7ce,41,13.1655,0.10628,False,False,0.00561627,6,12.34,11,7.22,8,5.12,8,3.97,2,3.25,1,2.74,2,2.38,1,2.1,2,1.88
b65764a7-66e7-4c84-afd1-9cee29bc6189,65,12.9906,0.112174,False,False,0.0027608,24,19.57,15,11.45,1,8.12,3,6.3,3,5.15,5,4.35,5,3.77,4,3.32,5,2.97
a564147e-5490-4826-be7c-060d57c925e7,42,12.9045,0.115178,False,False,0.00402738,9,12.64,3,7.4,4,5.25,8,4.07,5,3.33,6,2.81,2,2.44,2,2.15,3,1.92
9c87528d-9543-4813-baef-5624a0308da7,32,12.8885,0.115744,False,False,0.0043945,9,9.63,3,5.63,6,4.0,8,3.1,3,2.53,1,2.14,1,1.86,0,1.64,1,1.46
4b9967d1-1886-4775-8233-9909d6264a08,30,12.8025,0.118827,False,False,0.00399072,10,9.03,3,5.28,6,3.75,1,2.91,0,2.38,4,2.01,4,1.74,0,1.53,2,1.37
eb7e051d-c0cb-4b42-808e-b0c0931acc73,50,12.7327,0.121382,False,False,0.00275105,13,15.05,5,8.8,11,6.25,5,4.85,4,3.96,2,3.35,7,2.9,2,2.56,1,2.29
a8f172b4-f3d2-4530-a53a-dbab47b38c3e,64,12.6753,0.123519,False,False,0.00210618,21,19.27,7,11.27,4,8.0,3,6.2,7,5.07,9,4.28,4,3.71,5,3.27,4,2.93
0892b3f8-272d-479d-8369-21e1772116cc,230,12.6043,0.126209,False,False,0.00109691,49,69.24,44,40.5,29,28.74,24,22.29,25,18.21,21,15.4,12,13.34,16,11.77,10,10.52
e0815131-1192-438e-b9f7-251940b91a29,71,12.5794,0.127163,False,False,0.00222753,24,21.37,20,12.5,11,8.87,6,6.88,3,5.62,1,4.75,1,4.12,3,3.63,2,3.25
c92437f8-c464-41e7-8612-0a1807dc2dda,34,12.4123,0.133734,False,False,0.00412746,13,10.24,8,5.99,1,4.25,6,3.29,0,2.69,2,2.28,1,1.97,0,1.74,3,1.56
a5c3546a-6534-4c0f-af1c-40e82c51169a,44,12.3593,0.135876,False,False,0.00325458,11,13.25,4,7.75,3,5.5,8,4.26,6,3.48,6,2.95,3,2.55,1,2.25,2,2.01
9b0c628d-0afc-4810-93a7-634802f92674,70,12.1278,0.145593,False,False,0.00232361,14,21.07,9,12.33,8,8.75,6,6.78,9,5.54,9,4.69,6,4.06,6,3.58,3,3.2
750fa994-352e-4483-839c-9d843dbb571c,35,12.112,0.146276,False,False,0.00306347,13,10.54,4,6.16,5,4.37,2,3.39,1,2.77,5,2.34,0,2.03,1,1.79,4,1.6
6a98eb5c-936d-4f2d-ba82-eadd1d7c7f8d,41,12.0908,0.1472,False,False,0.00398634,10,12.34,4,7.22,11,5.12,6,3.97,3,3.25,3,2.74,0,2.38,2,2.1,2,1.88
245a043a-87fc-4b04-923a-181748c9fa62,79,12.0517,0.148911,False,False,0.00200483,30,23.78,15,13.91,3,9.87,6,7.66,5,6.26,3,5.29,5,4.58,8,4.04,4,3.61
ad59bf01-88d9-4d8e-8e47-c5bcc5e071de,63,12.0142,0.150571,False,False,0.00249494,16,18.96,18,11.09,10,7.87,6,6.11,1,4.99,2,4.22,2,3.65,3,3.22,5,2.88
cf0ca850-44ab-4910-a0dd-45ac8170cb9f,44,11.9678,0.152644,False,False,0.00360408,11,13.25,3,7.75,6,5.5,10,4.26,4,3.48,3,2.95,3,2.55,3,2.25,1,2.01
ef92d4a2-ae60-4f34-bf37-717c58430360,47,11.936,0.15408,False,False,0.0038475,10,14.15,5,8.28,12,5.87,7,4.55,5,3.72,2,3.15,3,2.73,1,2.4,2,2.15
71dd9f38-d1eb-4b8c-89bb-1bc15b0668f4,44,11.9284,0.154428,False,False,0.00273934,15,13.25,4,7.75,4,5.5,3,4.26,6,3.48,7,2.95,1,2.55,3,2.25,1,2.01
63d219dc-6c71-4b09-9de0-1d3bf684c0ef,46,11.9141,0.155079,False,False,0.00420217,8,13.85,4,8.1,10,5.75,5,4.46,5,3.64,3,3.08,4,2.67,5,2.35,2,2.1
cc7de6ef-e787-4bd1-9999-0db4da214e95,20,11.8991,0.155763,False,False,0.00973894,1,6.02,3,3.52,2,2.5,2,1.94,3,1.58,3,1.34,3,1.16,1,1.02,2,0.92
c5c500b7-a6ef-41ec-a76a-a4069e8c856a,103,11.8484,0.158097,False,False,0.00149426,23,31.01,20,18.14,18,12.87,13,9.98,11,8.16,10,6.9,4,5.97,2,5.27,2,4.71
043150f7-9714-49f3-9f64-2af8f7b88736,58,11.7972,0.160485,False,False,0.00165948,15,17.46,9,10.21,5,7.25,8,5.62,4,4.59,8,3.88,4,3.36,0,2.97,5,2.65
16e20c5c-b46a-4cfa-8784-e2a61524073d,28,11.7306,0.163633,False,False,0.00700779,3,8.43,5,4.93,4,3.5,6,2.71,5,2.22,1,1.87,2,1.62,1,1.43,1,1.28
3c868072-ab9d-4666-bd83-ed8eca7b2ed4,62,11.7065,0.164786,False,False,0.0018128,15,18.66,7,10.92,9,7.75,9,6.01,6,4.91,4,4.15,4,3.6,1,3.17,7,2.84
f3d59599-97a1-46f7-8547-97dc276e9fff,102,11.6884,0.165655,False,False,0.00180591,21,30.71,17,17.96,19,12.74,13,9.88,10,8.08,6,6.83,4,5.92,9,5.22,3,4.67
47ef1166-9039-46cd-a403-04037c1afde5,65,11.6662,0.166729,False,False,0.0028374,11,19.57,11,11.45,6,8.12,8,6.3,8,5.15,4,4.35,7,3.77,6,3.32,4,2.97
517b92bd-501d-4592-90e0-b78e893c6027,28,11.6107,0.169436,False,False,0.00436984,6,8.43,4,4.93,7,3.5,4,2.71,2,2.22,1,1.87,4,1.62,0,1.43,0,1.28
1abdc2cf-6b9e-410e-9b80-bceb3cc3f6c3,55,11.6053,0.169703,False,False,0.00286977,10,16.56,9,9.69,7,6.87,8,5.33,8,4.35,6,3.68,5,3.19,1,2.81,1,2.52
b8b122a5-a5a6-4b90-9f55-4be0a2541450,41,11.5957,0.170176,False,False,0.00229364,10,12.34,6,7.22,5,5.12,7,3.97,2,3.25,4,2.74,0,2.38,2,2.1,5,1.88
e6ee8c16-e9fc-49b6-90b5-d0a0856c4e6c,42,11.5338,0.17325,False,False,0.00271537,15,12.64,4,7.4,8,5.25,3,4.07,2,3.33,1,2.81,1,2.44,3,2.15,5,1.92
ca50bf45-99f0-4120-a4e5-5c177022459c,73,11.5143,0.174226,False,False,0.0022331,15,21.98,15,12.85,9,9.12,13,7.07,8,5.78,2,4.89,6,4.23,3,3.73,2,3.34
9b677d31-4925-4502-81d0-47dda493b12c,28,11.5112,0.174381,False,False,0.00711733,3,8.43,7,4.93,4,3.5,6,2.71,4,2.22,2,1.87,1,1.62,1,1.43,0,1.28
4e8c784c-950b-4888-bf9c-5ac36d129cb1,70,11.4822,0.175846,False,False,0.00169796,16,21.07,10,12.33,9,8.75,10,6.78,7,5.54,5,4.69,9,4.06,1,3.58,3,3.2
8f23d9ff-d263-43d2-af0c-4c10bc8cbe54,38,11.4698,0.176472,False,False,0.00281732,9,11.44,3,6.69,5,4.75,4,3.68,3,3.01,4,2.54,4,2.2,1,1.94,5,1.74
ac943508-45b9-4190-beb5-857a81718f4b,107,11.3876,0.18069,False,False,0.00139147,33,32.21,9,18.84,13,13.37,9,10.37,12,8.47,12,7.16,9,6.21,5,5.47,5,4.9
583c2d38-b31c-41df-adce-dff0b8a4d587,176,11.3059,0.184961,False,False,0.00063363,45,52.98,29,30.99,18,21.99,18,17.06,12,13.94,16,11.78,16,10.21,15,9.0,7,8.05
6e27bbc7-fe98-4951-8c8c-46db6c43c1ef,50,11.2374,0.188609,False,False,0.00421891,7,15.05,12,8.8,6,6.25,4,4.85,6,3.96,7,3.35,4,2.9,2,2.56,2,2.29
31e03375-e5f9-4d7b-ac59-763b7fd19ca7,58,11.2302,0.188993,False,False,0.00163411,19,17.46,9,10.21,3,7.25,4,5.62,3,4.59,3,3.88,6,3.36,6,2.97,5,2.65
a96cfd29-7343-43d8-8352-a815ba25dd88,44,11.1917,0.19107,False,False,0.00250853,12,13.25,3,7.75,5,5.5,3,4.26,4,3.48,3,2.95,5,2.55,5,2.25,4,2.01
cc71489a-d81d-48fa-afbd-cf56b687c49f,45,11.1746,0.192003,False,False,0.00358522,9,13.55,3,7.92,6,5.62,5,4.36,7,3.56,4,3.01,5,2.61,3,2.3,3,2.06
dc45df24-fecd-409a-8173-39a47b966dc4,34,11.0985,0.196179,False,False,0.00488346,5,10.24,5,5.99,4,4.25,5,3.29,7,2.69,3,2.28,2,1.97,2,1.74,1,1.56
ddaeee4d-605a-4839-9b29-c4d4c6152bfa,111,11.0808,0.197164,False,False,0.00144627,24,33.41,15,19.55,13,13.87,15,10.76,9,8.79,9,7.43,10,6.44,7,5.68,9,5.08
cf8c7cdb-6a0d-4982-8697-60da136a3a08,40,11.0592,0.198365,False,False,0.00295143,15,12.04,6,7.04,1,5.0,4,3.88,3,3.17,0,2.68,5,2.32,3,2.05,3,1.83
eb2237aa-df78-4d49-8627-5379c2a86d41,79,11.0314,0.199926,False,False,0.00180322,31,23.78,15,13.91,6,9.87,6,7.66,4,6.26,7,5.29,2,4.58,7,4.04,1,3.61
eb1fb315-7fca-4621-91c0-6bab7c0423fd,273,11.0285,0.200092,False,False,0.00067926,97,82.18,38,48.07,27,34.11,22,26.46,26,21.62,15,18.28,19,15.83,12,13.96,17,12.49
a2f832d2-f501-48e0-81b0-d117ea7d1f5c,54,10.7766,0.214679,False,False,0.00389459,9,16.26,15,9.51,10,6.75,6,5.23,3,4.28,3,3.62,5,3.13,2,2.76,1,2.47
644a8de5-06ed-4cb2-836b-6867a82d7215,63,10.7356,0.217137,False,False,0.00158584,17,18.96,13,11.09,5,7.87,10,6.11,8,4.99,2,4.22,4,3.65,0,3.22,4,2.88
c72737ab-a4ea-4eb7-be01-b5d9aa807402,38,10.7099,0.218684,False,False,0.00250396,14,11.44,8,6.69,3,4.75,1,3.68,3,3.01,3,2.54,1,2.2,5,1.94,0,1.74
4ec5175a-02f0-41be-9b10-2ea220a445b4,55,10.6807,0.220454,False,False,0.00431537,26,16.56,7,9.69,4,6.87,3,5.33,5,4.35,2,3.68,4,3.19,1,2.81,3,2.52
6ec5fb69-1273-47f0-9369-67178109fbad,87,10.6359,0.223194,False,False,0.00137185,26,26.19,9,15.32,6,10.87,10,8.43,8,6.89,8,5.82,8,5.05,8,4.45,4,3.98
774b7bd8-f900-4644-bacb-7ad5ab055cc9,54,10.6163,0.224399,False,False,0.00205569,17,16.26,4,9.51,6,6.75,4,5.23,4,4.28,6,3.62,6,3.13,2,2.76,5,2.47
1c28de6c-c2f5-4e6d-bf6f-2c10f3e65626,88,10.5311,0.229711,False,False,0.00242239,36,26.49,10,15.5,5,10.99,6,8.53,8,6.97,6,5.89,7,5.1,5,4.5,5,4.03
f6f3f375-c1fe-4d95-a49e-e7a1b0089df9,37,10.5029,0.231487,False,False,0.00389921,15,11.14,3,6.52,2,4.62,5,3.59,1,2.93,4,2.48,1,2.15,4,1.89,2,1.69
66031bc6-9b2f-43cf-b9de-12ce013d9081,51,10.4906,0.232263,False,False,0.0025728,15,15.35,4,8.98,11,6.37,5,4.94,2,4.04,5,3.41,5,2.96,1,2.61,3,2.33
bccd6725-077e-4c0d-807d-7e98cef6f4e2,71,10.4477,0.235,False,False,0.00251607,29,21.37,8,12.5,6,8.87,3,6.88,5,5.62,7,4.75,6,4.12,5,3.63,2,3.25
216d3b56-805f-4fdf-8d87-bff8e0e0443d,92,10.4332,0.235929,False,False,0.00145562,21,27.69,14,16.2,13,11.49,13,8.92,12,7.28,2,6.16,6,5.34,6,4.71,5,4.21
77043f5f-b5fe-4ba7-8bd9-c391bde9ffa8,35,10.4069,0.237621,False,False,0.00471741,16,10.54,7,6.16,6,4.37,0,3.39,2,2.77,1,2.34,0,2.03,1,1.79,2,1.6
696ae948-8c22-4f07-8acd-ba61f25e9a92,32,10.4061,0.237669,False,False,0.00528877,4,9.63,6,5.63,4,4.0,6,3.1,4,2.53,3,2.14,0,1.86,3,1.64,2,1.46
b279407c-fb92-4013-9e4e-b6182cfe711e,39,10.3868,0.238921,False,False,0.00378733,7,11.74,6,6.87,8,4.87,7,3.78,5,3.09,3,2.61,2,2.26,0,1.99,1,1.78
2d024414-64fc-47d5-9665-099ad341f7c4,63,10.383,0.239166,False,False,0.00235927,16,18.96,5,11.09,11,7.87,11,6.11,5,4.99,4,4.22,5,3.65,2,3.22,4,2.88
c1066992-ca4a-4adb-8e0a-6b9437c3a922,33,10.3401,0.241961,False,False,0.0034556,7,9.93,3,5.81,3,4.12,4,3.2,5,2.61,1,2.21,4,1.91,3,1.69,3,1.51
711e6477-9d61-468a-9ec6-6a290aafa480,39,10.2397,0.248602,False,False,0.00284231,9,11.74,5,6.87,4,4.87,5,3.78,8,3.09,2,2.61,3,2.26,2,1.99,1,1.78
a21a3b0d-d0ab-48eb-8099-351025c1eba9,40,10.1034,0.257847,False,False,0.00339079,7,12.04,5,7.04,4,5.0,6,3.88,5,3.17,4,2.68,4,2.32,1,2.05,4,1.83
a6bbe622-dc95-404d-b27f-061cbfdedcce,34,10.0839,0.259186,False,False,0.00310057,7,10.24,4,5.99,5,4.25,5,3.29,4,2.69,3,2.28,5,1.97,1,1.74,0,1.56
9c8cd323-8d4d-4913-ad79-13e9b3c3acf0,36,10.0792,0.259511,False,False,0.00299547,12,10.84,2,6.34,4,4.5,3,3.49,2,2.85,4,2.41,5,2.09,1,1.84,3,1.65
0929fb17-43d4-4c7e-bccc-b567d44f057a,48,10.0787,0.259547,False,False,0.00329213,21,14.45,7,8.45,5,6.0,5,4.65,0,3.8,2,3.21,1,2.78,4,2.46,3,2.2
3c92df36-36bd-4e7a-b750-2242e6bcffba,33,10.0662,0.260408,False,False,0.0031533,11,9.93,9,5.81,3,4.12,1,3.2,1,2.61,5,2.21,2,1.91,0,1.69,1,1.51
caad2f2b-547c-487d-be67-defc290e105d,44,9.9952,0.265366,False,False,0.00437138,6,13.25,11,7.75,6,5.5,4,4.26,6,3.48,3,2.95,1,2.55,4,2.25,3,2.01
ff2abe6a-799d-498e-973e-e59ea90ae3be,36,9.9818,0.266304,False,False,0.00438655,6,10.84,6,6.34,9,4.5,5,3.49,4,2.85,3,2.41,2,2.09,1,1.84,0,1.65
759854ab-dc30-44e4-b967-878352bc286a,35,9.8673,0.27446,False,False,0.00353373,15,10.54,6,6.16,6,4.37,5,3.39,2,2.77,0,2.34,0,2.03,0,1.79,1,1.6
ff4dff32-0afb-463d-9ac7-061ea6d35260,34,9.8274,0.277351,False,False,0.00389525,6,10.24,7,5.99,7,4.25,6,3.29,3,2.69,2,2.28,3,1.97,0,1.74,0,1.56
066d64b9-68a5-4cfe-a3fb-2e2560134b8e,28,9.8268,0.277391,False,False,0.00305447,8,8.43,6,4.93,6,3.5,2,2.71,0,2.22,1,1.87,4,1.62,0,1.43,1,1.28
68825728-d7aa-492e-bf0d-f28b6c5419af,68,9.8077,0.278785,False,False,0.00228326,26,20.47,5,11.97,8,8.5,6,6.59,6,5.38,3,4.55,4,3.94,7,3.48,3,3.11
3f5dc13f-9998-487f-894b-ad512b97f5d7,48,9.7973,0.279539,False,False,0.00179046,13,14.45,12,8.45,5,6.0,5,4.65,3,3.8,1,3.21,1,2.78,6,2.46,2,2.2
cccb2004-aac1-416e-b7ca-f5797a119d46,53,9.7882,0.280209,False,False,0.00221656,13,15.95,5,9.33,9,6.62,4,5.14,5,4.2,8,3.55,4,3.07,3,2.71,2,2.43
b03035fc-7319-4876-8e32-592d7096a729,45,9.7005,0.286676,False,False,0.00315721,9,13.55,8,7.92,9,5.62,9,4.36,2,3.56,2,3.01,2,2.61,2,2.3,2,2.06
21866b8a-1ba7-4a61-85da-447aba85348b,61,9.6668,0.289195,False,False,0.00129323,20,18.36,10,10.74,4,7.62,4,5.91,5,4.83,6,4.08,1,3.54,6,3.12,5,2.79
7b5f0302-f2b2-4810-9ae4-62acbebfa35e,180,9.6198,0.292729,False,False,0.00069117,64,54.19,33,31.7,19,22.49,10,17.44,14,14.25,11,12.05,12,10.44,13,9.21,4,8.24
155e62e8-0787-4e36-8607-fb374c323fff,51,9.6001,0.294222,False,False,0.00339274,10,15.35,15,8.98,9,6.37,5,4.94,5,4.04,3,3.41,1,2.96,1,2.61,2,2.33
df2649e7-b92c-4e6a-98da-e7d9f6e54722,39,9.5841,0.295437,False,False,0.003257,11,11.74,11,6.87,1,4.87,1,3.78,3,3.09,3,2.61,4,2.26,3,1.99,2,1.78
b8109793-484e-4caf-baff-95c08377d7b9,49,9.5703,0.296488,False,False,0.00281999,20,14.75,8,8.63,2,6.12,3,4.75,2,3.88,5,3.28,5,2.84,3,2.51,1,2.24
19bd5898-83e7-4960-992c-23854ee9a625,48,9.5624,0.297094,False,False,0.00402991,21,14.45,4,8.45,2,6.0,5,4.65,3,3.8,5,3.21,3,2.78,2,2.46,3,2.2
b705a450-c386-493b-846d-1f7c90a0769f,32,9.5459,0.298351,False,False,0.00275743,10,9.63,7,5.63,3,4.0,7,3.1,1,2.53,2,2.14,2,1.86,0,1.64,0,1.46
4fc9c8e2-270e-4d21-87e7-8432b8dc658a,49,9.447,0.306001,False,False,0.00348879,22,14.75,11,8.63,4,6.12,4,4.75,2,3.88,3,3.28,2,2.84,0,2.51,1,2.24
fccb7e26-26e6-4546-ad9d-b1e88ccd57db,36,9.3837,0.310967,False,False,0.0034462,7,10.84,4,6.34,5,4.5,7,3.49,4,2.85,4,2.41,3,2.09,2,1.84,0,1.65
c950b60e-f1b1-4e5e-ac59-2825dd053b5b,66,9.3554,0.313206,False,False,0.00301181,11,19.87,14,11.62,13,8.25,9,6.4,4,5.23,5,4.42,5,3.83,3,3.38,2,3.02
37d1d32d-aea5-4ed0-90cb-75f94d34b885,90,9.285,0.31883,False,False,0.00127431,22,27.09,13,15.85,10,11.24,15,8.72,5,7.13,9,6.03,6,5.22,4,4.6,6,4.12
1135c1db-bb6b-40bd-aec2-10d46ee80844,47,9.2542,0.32131,False,False,0.00218808,10,14.15,6,8.28,5,5.87,6,4.55,3,3.72,5,3.15,6,2.73,2,2.4,4,2.15
0fb41c7a-90a4-4c8e-a7d4-c3101e25b7cc,64,9.2477,0.321837,False,False,0.00195809,14,19.27,10,11.27,12,8.0,10,6.2,7,5.07,3,4.28,5,3.71,2,3.27,1,2.93
04baf28a-84cb-43d6-88b6-2b01b439d08e,57,9.2182,0.324224,False,False,0.00146824,17,17.16,6,10.04,6,7.12,3,5.52,5,4.51,4,3.82,6,3.31,6,2.92,4,2.61
62edb606-7c4c-4ca7-ba1c-84344273644f,39,9.2095,0.324934,False,False,0.00514216,5,11.74,9,6.87,9,4.87,5,3.78,4,3.09,2,2.61,2,2.26,2,1.99,1,1.78
4a8a1966-e7d2-4fc8-b546-32135917ae44,50,9.2037,0.325407,False,False,0.00289086,9,15.05,6,8.8,8,6.25,6,4.85,6,3.96,6,3.35,4,2.9,4,2.56,1,2.29
52e83761-4c4f-46ef-966e-2262c722cf17,51,9.1944,0.32616,False,False,0.00376694,7,15.35,9,8.98,9,6.37,7,4.94,4,4.04,3,3.41,5,2.96,3,2.61,4,2.33
60f92c2a-3e0f-4700-8469-fe33fe29c7d8,46,9.1563,0.32928,False,False,0.00194679,17,13.85,6,8.1,5,5.75,2,4.46,2,3.64,3,3.08,3,2.67,6,2.35,2,2.1
e724c5e0-32e0-47eb-a9e1-62bee7c236a3,26,9.1475,0.330007,False,False,0.00451246,5,7.83,3,4.58,6,3.25,3,2.52,4,2.06,0,1.74,3,1.51,1,1.33,1,1.19
2919364c-251a-4036-89c5-ba457d2ecfba,68,9.1355,0.330996,False,False,0.00159634,26,20.47,11,11.97,7,8.5,5,6.59,9,5.38,2,4.55,2,3.94,5,3.48,1,3.11
bb2a163c-e5c8-4175-80c5-6dd7568f43a3,34,9.1185,0.332397,False,False,0.00217531,12,10.24,5,5.99,6,4.25,2,3.29,1,2.69,3,2.28,0,1.97,1,1.74,4,1.56
0260a632-0fe2-4825-a6c9-f142d55edd98,32,9.1029,0.333687,False,False,0.00329672,9,9.63,9,5.63,7,4.0,2,3.1,3,2.53,0,2.14,1,1.86,0,1.64,1,1.46
4a79dd79-96c7-450a-8474-8c47e6bdd917,45,9.0749,0.336014,False,False,0.00272307,18,13.55,8,7.92,4,5.62,0,4.36,2,3.56,5,3.01,2,2.61,3,2.3,3,2.06
1792783b-82c9-41f0-b58f-3fd28f100803,32,9.0737,0.336121,False,False,0.00323772,9,9.63,4,5.63,0,4.0,4,3.1,5,2.53,4,2.14,2,1.86,2,1.64,2,1.46
9221f869-bb61-4e92-818f-a1bf5eb49c44,79,8.9917,0.342995,False,False,0.00115112,23,23.78,9,13.91,9,9.87,11,7.66,9,6.26,3,5.29,8,4.58,5,4.04,2,3.61
3a9ba96c-2c5d-4076-8c23-37ba90f00655,73,8.9809,0.343911,False,False,0.00263192,13,21.98,18,12.85,12,9.12,6,7.07,8,5.78,5,4.89,3,4.23,3,3.73,5,3.34
8841ee53-e4cc-472f-b0db-8a7b8b7f1eb8,39,8.9574,0.345902,False,False,0.00289646,8,11.74,9,6.87,4,4.87,7,3.78,5,3.09,1,2.61,3,2.26,2,1.99,0,1.78
ac1ec637-8c92-459f-a34e-f3279b7c79a3,66,8.9511,0.346435,False,False,0.00134675,22,19.87,15,11.62,7,8.25,2,6.4,4,5.23,4,4.42,6,3.83,1,3.38,5,3.02
5984f94a-26ab-4002-9557-8c5183f34f26,39,8.9472,0.346769,False,False,0.00480367,19,11.74,5,6.87,4,4.87,4,3.78,1,3.09,3,2.61,2,2.26,1,1.99,0,1.78
c2164a25-25b7-4090-9ea8-e1ced47ab4d3,52,8.9274,0.348455,False,False,0.00238581,20,15.65,7,9.16,2,6.5,4,5.04,4,4.12,7,3.48,3,3.02,2,2.66,3,2.38
820f83c8-a664-41a5-9359-a1434a96fe1b,70,8.9252,0.348648,False,False,0.00199645,15,21.07,11,12.33,13,8.75,12,6.78,4,5.54,5,4.69,4,4.06,4,3.58,2,3.2
2c97928f-489a-44d9-8555-64122ad16df9,44,8.9118,0.349787,False,False,0.00279978,18,13.25,6,7.75,2,5.5,5,4.26,3,3.48,3,2.95,5,2.55,2,2.25,0,2.01
308aba9d-2405-421e-83f0-d1beb79bbdbb,70,8.8796,0.352553,False,False,0.0022165,28,21.07,9,12.33,4,8.75,4,6.78,7,5.54,4,4.69,6,4.06,5,3.58,3,3.2
649c40e8-0bae-42da-9215-748fbab922c6,36,8.8504,0.35507,False,False,0.00418641,16,10.84,7,6.34,1,4.5,2,3.49,4,2.85,0,2.41,2,2.09,2,1.84,2,1.65
46505604-6057-49be-9a59-8d5e20a29d97,44,8.8303,0.356816,False,False,0.00270064,10,13.25,12,7.75,7,5.5,2,4.26,4,3.48,5,2.95,0,2.55,2,2.25,2,2.01
f4debe70-b43a-4f99-ac14-a564342dc472,39,8.8194,0.357761,False,False,0.0021803,12,11.74,4,6.87,7,4.87,1,3.78,3,3.09,3,2.61,2,2.26,5,1.99,2,1.78
f9b037d0-1383-4ed8-bf5f-fe2764a2b540,51,8.786,0.360667,False,False,0.00163309,15,15.35,7,8.98,2,6.37,5,4.94,5,4.04,3,3.41,6,2.96,4,2.61,4,2.33
7abccc83-a017-4783-a828-a13969773f1b,29,8.7613,0.362829,False,False,0.00304261,7,8.73,3,5.11,2,3.62,2,2.81,3,2.3,5,1.94,3,1.68,2,1.48,2,1.33
2a7d7874-3b29-4444-88c0-a95ade69497f,41,8.7518,0.363664,False,False,0.00276956,13,12.34,2,7.22,6,5.12,2,3.97,4,3.25,5,2.74,4,2.38,2,2.1,3,1.88
382c119b-3be6-42af-8787-361ac412292f,75,8.7139,0.366999,False,False,0.00120373,21,22.58,14,13.21,15,9.37,5,7.27,5,5.94,1,5.02,4,4.35,5,3.84,5,3.43
827066de-41ba-4afd-a68d-2abaf375f49c,130,8.6891,0.369195,False,False,0.00108298,48,39.13,22,22.89,8,16.24,11,12.6,11,10.29,10,8.7,9,7.54,8,6.65,3,5.95
eb918d8e-3fb1-4333-9c61-47dc46d7ff5b,31,8.604,0.376791,False,False,0.00303005,6,9.33,6,5.46,3,3.87,4,3.0,2,2.45,5,2.08,3,1.8,0,1.59,2,1.42
5ab9fdde-d526-4b61-8529-7569390de4d5,38,8.5811,0.378854,False,False,0.00205109,14,11.44,5,6.69,5,4.75,2,3.68,3,3.01,1,2.54,5,2.2,3,1.94,0,1.74
fc4b0a77-e97a-492e-8128-fd86ce672dd8,76,8.5788,0.379063,False,False,0.00112993,25,22.88,14,13.38,4,9.5,5,7.37,6,6.02,7,5.09,6,4.41,7,3.89,2,3.48
7701c57a-0f1e-4c0c-8578-16ab40980a07,48,8.5648,0.38033,False,False,0.00219319,16,14.45,9,8.45,0,6.0,6,4.65,5,3.8,3,3.21,3,2.78,2,2.46,4,2.2
164339c8-0543-4d1d-acf1-2d34c2d452df,40,8.5538,0.381326,False,False,0.00324342,13,12.04,1,7.04,6,5.0,3,3.88,4,3.17,5,2.68,3,2.32,3,2.05,2,1.83
1f523b9a-ced2-45f9-9c7a-ea91cf324a5b,37,8.5484,0.381813,False,False,0.00312544,14,11.14,2,6.52,4,4.62,5,3.59,3,2.93,1,2.48,2,2.15,2,1.89,4,1.69
55e5f414-4f71-423a-815d-e9f944a44bc2,22,8.5172,0.384646,False,False,0.00703746,11,6.62,3,3.87,0,2.75,2,2.13,1,1.74,2,1.47,1,1.28,0,1.13,2,1.01
47794cce-da4d-41f6-a8a8-1fc67eb433d5,48,8.5088,0.385405,False,False,0.00304325,20,14.45,4,8.45,6,6.0,3,4.65,2,3.8,2,3.21,4,2.78,3,2.46,4,2.2
7ee9ef8a-660c-4ef1-8f12-5ff7bbfed2fa,33,8.4933,0.386824,False,False,0.00262405,8,9.93,4,5.81,5,4.12,6,3.2,1,2.61,4,2.21,3,1.91,0,1.69,2,1.51
357693bc-879a-4b48-ba19-af8f5c05cc55,51,8.383,0.396975,False,False,0.00158194,16,15.35,10,8.98,8,6.37,9,4.94,1,4.04,1,3.41,2,2.96,2,2.61,2,2.33
723e4d64-6c5c-45ef-ae65-34bda505ed80,52,8.3657,0.398583,False,False,0.00248226,10,15.65,10,9.16,7,6.5,9,5.04,7,4.12,2,3.48,2,3.02,3,2.66,2,2.38
ef493a64-3d7d-477f-8296-4de21ce7bad2,64,8.3409,0.400896,False,False,0.00244023,12,19.27,14,11.27,10,8.0,11,6.2,5,5.07,3,4.28,4,3.71,3,3.27,2,2.93
d3533646-f899-4bd8-ba66-90c45f06f21b,40,8.3362,0.401335,False,False,0.00260469,15,12.04,9,7.04,2,5.0,1,3.88,3,3.17,5,2.68,3,2.32,1,2.05,1,1.83
a7326dcd-9e95-42cb-ad48-7af282c11d27,47,8.3357,0.401385,False,False,0.00232626,11,14.15,10,8.28,11,5.87,5,4.55,3,3.72,3,3.15,2,2.73,0,2.4,2,2.15
86892fd1-e22c-49a4-a991-480afb67f46d,33,8.2636,0.408158,False,False,0.00359125,6,9.93,8,5.81,2,4.12,5,3.2,1,2.61,3,2.21,2,1.91,3,1.69,3,1.51
ec75578b-9541-4d37-8b89-2bfb818b1d15,55,8.247,0.409724,False,False,0.00271343,23,16.56,8,9.69,2,6.87,5,5.33,4,4.35,3,3.68,3,3.19,5,2.81,2,2.52
fa96922d-ddf4-4cf2-9bf9-981d7afff46c,52,8.2109,0.413145,False,False,0.00165246,18,15.65,12,9.16,7,6.5,4,5.04,0,4.12,1,3.48,3,3.02,4,2.66,3,2.38
2e35818b-30f5-40c3-80dc-76f2c1023916,47,8.1774,0.416338,False,False,0.00199587,15,14.15,11,8.28,2,5.87,3,4.55,7,3.72,3,3.15,1,2.73,3,2.4,2,2.15
6ac93b46-b811-4978-8d38-6853af2b7723,47,8.1563,0.418349,False,False,0.00313724,21,14.15,8,8.28,5,5.87,5,4.55,1,3.72,2,3.15,1,2.73,1,2.4,3,2.15
707f4223-7389-46d1-b7e7-27b434be29e1,74,8.1394,0.419972,False,False,0.00244123,32,22.28,11,13.03,7,9.25,4,7.17,5,5.86,4,4.95,3,4.29,3,3.79,5,3.39
bb93cc0e-5530-429b-8188-902017117715,43,8.1372,0.420188,False,False,0.00231331,12,12.94,3,7.57,4,5.37,6,4.17,4,3.4,6,2.88,3,2.49,2,2.2,3,1.97
85a2c597-c62a-4129-99d5-9ba1213b9518,60,8.0814,0.425562,False,False,0.00114316,19,18.06,13,10.57,9,7.5,8,5.81,4,4.75,1,4.02,0,3.48,4,3.07,2,2.75
863494e8-6b0a-4f8e-96d1-106563a1e6b2,52,8.0501,0.428588,False,False,0.00173529,15,15.65,14,9.16,8,6.5,5,5.04,4,4.12,1,3.48,0,3.02,2,2.66,3,2.38
25de0f44-0121-4b1f-9422-9e2bbf992efa,46,7.9452,0.438844,False,False,0.00167099,16,13.85,9,8.1,2,5.75,3,4.46,3,3.64,4,3.08,2,2.67,2,2.35,5,2.1
21962fe9-9e3b-40a9-8c35-7d4822b074e2,44,7.9181,0.441512,False,False,0.00246852,16,13.25,12,7.75,7,5.5,2,4.26,1,3.48,2,2.95,2,2.55,1,2.25,1,2.01
98f7ce99-4c79-47ff-b3e0-60689618f4a6,42,7.8945,0.443839,False,False,0.00261817,13,12.64,3,7.4,9,5.25,6,4.07,2,3.33,2,2.81,3,2.44,3,2.15,1,1.92
73ed4b9d-99fc-4770-80bc-f1e302c1f6d9,40,7.8394,0.449314,False,False,0.00226673,11,12.04,3,7.04,4,5.0,4,3.88,6,3.17,4,2.68,4,2.32,3,2.05,1,1.83
4acdca66-5204-4016-a88d-0b985b32965a,48,7.8208,0.451166,False,False,0.00254191,20,14.45,8,8.45,6,6.0,1,4.65,2,3.8,2,3.21,2,2.78,4,2.46,3,2.2
e772f69f-a835-4fc5-9712-4ebe531f4f99,46,7.8034,0.452911,False,False,0.00208938,18,13.85,11,8.1,6,5.75,5,4.46,3,3.64,1,3.08,1,2.67,1,2.35,0,2.1
574a6557-6ed1-4501-b535-ceb3567a2c79,71,7.7298,0.460303,False,False,0.00097144,20,21.37,12,12.5,4,8.87,7,6.88,5,5.62,5,4.75,7,4.12,5,3.63,6,3.25
56c2f822-9fc6-4072-84ad-3d2476c663e4,45,7.7284,0.460442,False,False,0.00216666,16,13.55,12,7.92,7,5.62,3,4.36,2,3.56,0,3.01,2,2.61,2,2.3,1,2.06
75183849-c76e-4992-af66-9219bd417472,41,7.7189,0.461397,False,False,0.00227046,10,12.34,6,7.22,9,5.12,6,3.97,5,3.25,1,2.74,2,2.38,1,2.1,1,1.88
895a6489-63ab-4348-858b-6cdc367d8bdb,38,7.6127,0.472187,False,False,0.00336425,6,11.44,6,6.69,6,4.75,4,3.68,6,3.01,2,2.54,2,2.2,3,1.94,3,1.74
c86ef5d1-da83-4632-b7ac-02180b4068eb,25,7.5739,0.476162,False,False,0.00307341,6,7.53,2,4.4,2,3.12,3,2.42,3,1.98,1,1.67,3,1.45,3,1.28,2,1.14
4b19c1a7-63ec-49d0-80e1-a045d30a8596,36,7.5307,0.480603,False,False,0.00243377,10,10.84,4,6.34,8,4.5,2,3.49,5,2.85,2,2.41,1,2.09,3,1.84,1,1.65
da5e5873-b3b7-4d0f-8687-be8a0cfe91d8,93,7.487,0.485108,False,False,0.00139055,37,28.0,17,16.38,10,11.62,8,9.01,5,7.36,4,6.23,4,5.39,2,4.76,6,4.26
c222d998-ed2c-44d4-a17b-fc4f9e164882,50,7.4571,0.488207,False,False,0.00159018,17,15.05,6,8.8,3,6.25,4,4.85,4,3.96,6,3.35,2,2.9,4,2.56,4,2.29
5129a3d8-0557-4eaa-b074-6db4243d69f3,37,7.4048,0.49365,False,False,0.00389011,6,11.14,6,6.52,9,4.62,4,3.59,4,2.93,3,2.48,2,2.15,2,1.89,1,1.69
793fc87a-3a93-452d-bfce-dbcc2abfd326,36,7.3753,0.49673,False,False,0.00234492,8,10.84,7,6.34,6,4.5,1,3.49,5,2.85,1,2.41,4,2.09,2,1.84,2,1.65
63def003-6ded-483f-acf9-ca382336ba3f,57,7.3728,0.496999,False,False,0.00194561,13,17.16,15,10.04,6,7.12,7,5.52,5,4.51,6,3.82,1,3.31,2,2.92,2,2.61
fffc14ca-eb1e-408b-bae8-dca70db5200c,33,7.3529,0.49908,False,False,0.00192495,10,9.93,4,5.81,2,4.12,4,3.2,3,2.61,2,2.21,5,1.91,1,1.69,2,1.51
42fe46c7-b748-4a1e-9b2a-65bab5318c86,44,7.3183,0.502708,False,False,0.00171781,14,13.25,5,7.75,2,5.5,4,4.26,5,3.48,3,2.95,3,2.55,4,2.25,4,2.01
270577c6-eeda-420e-b5dd-deb6847ff941,49,7.1857,0.516736,False,False,0.00152599,12,14.75,8,8.63,4,6.12,7,4.75,6,3.88,6,3.28,2,2.84,1,2.51,3,2.24
c1070986-3bbe-47e4-ba76-04c83be8d479,53,7.0931,0.526624,False,False,0.00134603,19,15.95,11,9.33,5,6.62,3,5.14,3,4.2,5,3.55,5,3.07,0,2.71,2,2.43
e2905a37-5db9-4166-87d7-561dd9f9abc2,39,7.0851,0.527482,False,False,0.00150875,13,11.74,7,6.87,7,4.87,3,3.78,1,3.09,2,2.61,0,2.26,4,1.99,2,1.78
ecf7e2ff-f8d7-4425-86b8-ee9e53f2efca,56,7.0313,0.533256,False,False,0.00189517,22,16.86,9,9.86,3,7.0,5,5.43,6,4.43,3,3.75,1,3.25,3,2.86,4,2.56
fc5d4bd7-683d-4692-8393-c3c29b2fdf97,52,6.9062,0.546786,False,False,0.00121196,16,15.65,7,9.16,9,6.5,5,5.04,7,4.12,3,3.48,0,3.02,2,2.66,3,2.38
9bb5ad9e-5720-462d-9631-80ede466494c,55,6.7476,0.564097,False,False,0.00197034,11,16.56,10,9.69,10,6.87,8,5.33,4,4.35,4,3.68,3,3.19,1,2.81,4,2.52
3178dda6-8f4e-4324-8b9c-aaeaa22010f8,45,6.6477,0.575072,False,False,0.00110283,13,13.55,8,7.92,4,5.62,3,4.36,2,3.56,3,3.01,6,2.61,3,2.3,3,2.06
c111f988-5a53-4c5f-82a1-e00917ba04f5,43,6.6444,0.575437,False,False,0.00127429,14,12.94,8,7.57,6,5.37,7,4.17,3,3.4,1,2.88,0,2.49,3,2.2,1,1.97
a9f9a37a-2182-4d78-b413-f65b8d8c505f,31,6.6068,0.579587,False,False,0.00250538,6,9.33,5,5.46,5,3.87,4,3.0,2,2.45,3,2.08,4,1.8,2,1.59,0,1.42
56d07eb5-37f3-4a10-b603-f96b574af197,20,6.4829,0.593305,False,False,0.00401937,4,6.02,3,3.52,4,2.5,4,1.94,0,1.58,1,1.34,1,1.16,2,1.02,1,0.92
49ac4971-feac-4044-985a-f4f021749421,48,6.4225,0.600021,False,False,0.00139261,13,14.45,7,8.45,9,6.0,4,4.65,7,3.8,2,3.21,1,2.78,3,2.46,2,2.2
8dd8904c-5372-409f-a30a-6eeea87339a9,53,6.4216,0.600121,False,False,0.00141329,15,15.95,14,9.33,7,6.62,6,5.14,4,4.2,2,3.55,0,3.07,3,2.71,2,2.43
bd398af9-f744-4bd0-8f3b-06fb7f410f9a,30,6.3308,0.61023,False,False,0.00240321,7,9.03,4,5.28,6,3.75,2,2.91,1,2.38,4,2.01,3,1.74,2,1.53,1,1.37
fdaa44f0-672e-4a13-ba8b-442da4c80bba,55,6.2615,0.617966,False,False,0.00127593,20,16.56,8,9.69,5,6.87,7,5.33,2,4.35,3,3.68,4,3.19,5,2.81,1,2.52
369d4ce5-0c38-4c8e-a8a0-c19e202f0847,68,6.2615,0.61797,False,False,0.00139698,26,20.47,12,11.97,7,8.5,2,6.59,5,5.38,4,4.55,4,3.94,3,3.48,5,3.11
555859de-88aa-4845-829e-552e6e1ce03e,84,6.2174,0.622899,False,False,0.00145462,18,25.29,19,14.79,14,10.49,10,8.14,7,6.65,5,5.62,5,4.87,2,4.3,4,3.84
32eef55e-7610-4ef7-ba48-7e90664a3e60,58,6.2052,0.624256,False,False,0.00073359,17,17.46,10,10.21,9,7.25,7,5.62,6,4.59,3,3.88,5,3.36,0,2.97,1,2.65
44f2dd49-98f8-4f73-9eb9-0730f69f42ca,43,5.9879,0.648588,False,False,0.00113453,11,12.94,8,7.57,4,5.37,5,4.17,5,3.4,2,2.88,2,2.49,5,2.2,1,1.97
1a4e5d15-b2b2-48e5-b98d-8b1b16586c83,78,5.9593,0.651795,False,False,0.00082635,20,23.48,15,13.74,8,9.75,8,7.56,11,6.18,6,5.22,4,4.52,2,3.99,4,3.57
28773459-1ad9-4f0a-bc70-ddf9f9c643b7,39,5.9061,0.657753,False,False,0.00285203,17,11.74,6,6.87,6,4.87,2,3.78,1,3.09,3,2.61,2,2.26,1,1.99,1,1.78
1b9ec617-c484-4016-a2fa-fccb2ed1ca04,42,5.8195,0.667446,False,False,0.00181876,11,12.64,5,7.4,9,5.25,6,4.07,3,3.33,3,2.81,3,2.44,1,2.15,1,1.92
b0cc1a9d-64d3-41ef-be37-429fc12d0726,79,5.8001,0.669607,False,False,0.00108718,29,23.78,12,13.91,6,9.87,8,7.66,9,6.26,6,5.29,2,4.58,4,4.04,3,3.61
8605bd93-7236-42ac-954b-a26a8ca69f2f,54,5.4804,0.705214,False,False,0.00143109,12,16.26,12,9.51,8,6.75,5,5.23,5,4.28,6,3.62,1,3.13,2,2.76,3,2.47
c534df28-892a-46d2-a257-0f8ec8736f9d,61,5.2112,0.734787,False,False,0.00087196,16,18.36,11,10.74,10,7.62,9,5.91,5,4.83,5,4.08,2,3.54,1,3.12,2,2.79
ef5f1452-7c34-46d0-b319-0b553dac6af7,31,4.9675,0.761042,False,False,0.00147724,9,9.33,7,5.46,5,3.87,2,3.0,4,2.45,0,2.08,1,1.8,1,1.59,2,1.42
bbb8692d-b2ae-45af-b273-63e18a60ec5f,52,4.9508,0.762817,False,False,0.00073959,17,15.65,11,9.16,7,6.5,5,5.04,5,4.12,3,3.48,1,3.02,0,2.66,3,2.38
06a77eba-34a4-41b6-9fec-152579c84c5c,58,4.9273,0.765321,False,False,0.00091659,14,17.46,10,10.21,8,7.25,6,5.62,3,4.59,6,3.88,6,3.36,2,2.97,3,2.65
b3919af5-1d70-4520-92a4-c0e1b9b17f8e,54,4.8219,0.776428,False,False,0.00159837,21,16.26,7,9.51,4,6.75,5,5.23,3,4.28,4,3.62,5,3.13,3,2.76,2,2.47
79e52aef-658d-4a67-b9f8-bd5b672a6ea8,45,4.6144,0.797881,False,False,0.00114461,16,13.55,9,7.92,6,5.62,2,4.36,5,3.56,1,3.01,3,2.61,1,2.3,2,2.06
846198a0-3378-47e1-9934-dd85b94b631d,25,4.5863,0.800738,False,False,0.00231728,9,7.53,2,4.4,3,3.12,1,2.42,2,1.98,2,1.67,3,1.45,2,1.28,1,1.14
f2044e71-cfb9-4f9f-bfea-59a9dad8f029,54,4.5144,0.807992,False,False,0.00080871,14,16.26,8,9.51,8,6.75,7,5.23,5,4.28,5,3.62,2,3.13,1,2.76,4,2.47
21752c26-242d-41fa-92fd-74b9138fb31e,43,4.4951,0.809928,False,False,0.00079294,13,12.94,6,7.57,6,5.37,3,4.17,3,3.4,3,2.88,5,2.49,1,2.2,3,1.97
695944c8-ba87-49e3-855f-dd7453469864,45,4.3952,0.819825,False,False,0.00170106,18,13.55,9,7.92,4,5.62,3,4.36,2,3.56,3,3.01,1,2.61,3,2.3,2,2.06
eaf18ff1-9441-44bd-a6c0-f4ab7b6e553a,42,4.365,0.822779,False,False,0.00139131,16,12.64,6,7.4,6,5.25,3,4.07,3,3.33,1,2.81,4,2.44,1,2.15,2,1.92
8638937c-7ec7-40b9-a2c2-1aea99eadbfb,69,4.2547,0.833446,False,False,0.00055555,23,20.77,10,12.15,8,8.62,7,6.69,6,5.46,3,4.62,2,4.0,6,3.53,4,3.16
53f301f1-cd09-4fcc-81ac-c2e69e195757,47,4.1337,0.844865,False,False,0.00087477,14,14.15,6,8.28,8,5.87,3,4.55,4,3.72,2,3.15,3,2.73,3,2.4,4,2.15
d51952a6-3a90-45bf-b121-163e8870be95,30,4.0769,0.850121,False,False,0.00168402,7,9.03,6,5.28,5,3.75,1,2.91,4,2.38,2,2.01,1,1.74,2,1.53,2,1.37
bd5cf32c-162c-4e48-864a-a169076b1bea,81,3.9762,0.859266,False,False,0.00079202,30,24.38,14,14.26,9,10.12,8,7.85,4,6.41,3,5.42,4,4.7,4,4.14,5,3.71
ef58db9f-bc45-4152-8eda-6d3974840819,89,3.8516,0.870261,False,False,0.00053992,30,26.79,18,15.67,8,11.12,6,8.62,7,7.05,6,5.96,5,5.16,3,4.55,6,4.07
5c2e082c-ece7-4adb-ad48-2755edf7593f,35,3.5822,0.89272,False,False,0.00097408,10,10.54,7,6.16,2,4.37,3,3.39,2,2.77,3,2.34,3,2.03,2,1.79,3,1.6
39c3a385-de93-4233-a199-6cc87ef592b9,52,3.2521,0.917555,False,False,0.00078894,18,15.65,7,9.16,7,6.5,3,5.04,3,4.12,3,3.48,4,3.02,4,2.66,3,2.38
c017674d-e831-4b57-8580-21cac5bd7871,31,3.101,0.927861,False,False,0.00158425,12,9.33,4,5.46,3,3.87,3,3.0,1,2.45,3,2.08,2,1.8,1,1.59,2,1.42
53c3dcbf-e99b-46cf-b181-7122b602bc01,48,3.0499,0.931186,False,False,0.0007676,12,14.45,10,8.45,7,6.0,4,4.65,5,3.8,4,3.21,1,2.78,2,2.46,3,2.2
5b7a1bd7-595f-45e8-a99a-c7bf9218f032,49,2.8473,0.943569,False,False,0.00075585,12,14.75,8,8.63,8,6.12,5,4.75,4,3.88,5,3.28,3,2.84,3,2.51,1,2.24
7f00bbf9-cf20-40af-94dc-bc639a249eba,43,1.8697,0.98475,False,False,0.00041426,13,12.94,9,7.57,5,5.37,3,4.17,2,3.4,3,2.88,3,2.49,2,2.2,3,1.97
6fbd26aa-b35c-4f11-8fdd-b928d1352df0,81,1.4807,0.993024,False,False,0.0002083,26,24.38,16,14.26,9,10.12,9,7.85,6,6.41,4,5.42,5,4.7,3,4.14,3,3.71
